0,0,0,0,0,0,0,0,0,0,0,0,0,1,1,5,11,5,0,0
0,0,0,0,0,0,0,0,0,0,0,0,0,0,0,0,0,1,1,0
0,0,0,0,0,0,0,0,0,0,0,0,0,0,0,0,0,3,0,0
0,0,0,0,0,0,0,0,0,0,0,3,12,33,59,30,13,4,0,0
0,0,0,0,0,0,0,0,0,0,0,0,0,1,1,2,0,2,1,0
0,0,0,0,0,0,0,0,0,0,0,1,2,3,10,12,2,3,0,0
0,0,0,0,0,0,0,0,0,0,0,0,0,0,0,0,0,0,0,1
0,0,0,0,0,0,0,0,0,0,0,0,0,1,1,0,5,4,1,1
0,0,0,0,0,0,0,0,0,0,0,0,0,2,1,0,0,1,1,0
1,0,0,0,0,0,0,0,0,0,0,12,45,163,376,269,20,0,0,1
0,0,0,0,0,0,0,0,0,0,0,0,0,0,0,0,0,0,1,0
0,0,0,0,0,0,0,0,0,0,0,0,0,0,0,0,0,0,1,0
0,0,0,0,0,0,0,0,0,0,0,0,0,0,0,0,1,0,0,0
2,0,0,0,0,0,0,0,0,0,0,30,113,360,313,73,23,6,0,1
0,0,0,0,0,0,0,0,0,0,0,9,41,104,160,94,17,0,0,0
28,0,0,0,0,0,0,0,0,0,0,135,204,308,489,109,0,0,0,0
0,0,0,0,0,0,0,0,0,0,0,0,0,0,1,4,8,1,2,1
0,0,0,0,0,0,0,0,0,0,0,0,0,0,0,0,0,0,1,0
0,0,0,0,0,0,0,0,0,0,0,0,0,0,1,0,0,1,1,1
0,0,0,0,0,0,0,0,0,0,0,1,10,61,91,13,2,1,1,0
0,0,0,0,0,0,0,0,0,0,0,0,1,3,10,12,18,3,0,0
0,0,0,0,0,0,0,0,0,0,0,0,0,0,0,2,1,6,1,1
1,0,0,0,0,0,0,0,0,0,0,12,13,82,113,94,12,1,0,1
0,0,0,0,0,0,0,0,0,0,0,5,11,27,110,122,9,1,0,0
0,0,0,0,0,0,0,0,0,0,0,0,0,0,0,0,0,2,1,0
0,0,0,0,0,0,0,0,0,0,0,0,0,0,0,0,0,0,2,1
0,0,0,0,0,0,0,0,0,0,0,0,0,0,0,0,0,1,1,0
25,0,0,0,0,0,0,0,0,0,0,185,748,2071,1489,49,0,0,0,1
0,0,0,0,0,0,0,0,0,0,0,0,1,3,5,13,12,4,0,0
0,0,0,0,0,0,0,0,0,0,0,2,3,8,15,35,25,10,0,1
26,0,0,0,0,0,0,0,0,0,0,170,723,1522,667,24,0,0,0,0
0,0,0,0,0,0,0,0,0,0,0,3,22,37,128,145,40,3,0,1
3,0,0,0,0,0,0,0,0,0,0,9,110,300,559,248,14,0,0,1
32,0,0,0,0,0,0,0,0,0,0,222,935,1510,625,26,0,0,0,0
0,0,0,0,0,0,0,0,0,0,0,0,0,2,1,14,9,4,0,0
0,0,0,0,0,0,0,0,0,0,0,1,5,5,11,9,7,4,1,1
0,0,0,0,0,0,0,0,0,0,0,0,0,1,0,2,2,4,1,0
0,0,0,0,0,0,0,0,0,0,0,0,0,1,0,0,1,0,0,1
0,0,0,0,0,0,0,0,0,0,0,0,0,0,0,0,0,1,0,0
0,0,0,0,0,0,0,0,0,0,0,0,0,0,0,0,1,0,2,1
58,0,0,0,0,0,0,0,0,0,0,382,1722,3072,1237,67,0,0,0,1
4,0,0,0,0,0,0,0,0,0,0,98,220,727,813,166,18,0,0,1
3,0,0,0,0,0,0,0,0,0,0,9,37,130,278,228,31,0,0,1
0,0,0,0,0,0,0,0,0,0,0,0,4,0,0,0,0,2,0,0
0,0,0,0,0,0,0,0,0,0,0,0,0,2,0,1,0,6,1,0
0,0,0,0,0,0,0,0,0,0,0,0,0,0,0,0,2,3,1,0
0,0,0,0,0,0,0,0,0,0,0,0,0,0,1,2,1,2,1,0
0,0,0,0,0,0,0,0,0,0,0,0,5,12,44,132,54,1,0,1
4,0,0,0,0,0,0,0,0,0,0,28,215,30,2,0,0,1,0,0
0,0,0,0,0,0,0,0,0,0,0,0,0,0,0,0,0,0,1,0
0,0,0,0,0,0,0,0,0,0,0,0,0,0,0,0,0,1,0,1
23,0,0,0,0,0,0,0,0,0,0,198,879,2037,1311,96,0,0,0,1
0,0,0,0,0,0,0,0,0,0,0,0,0,0,0,0,4,2,0,1
0,0,0,0,0,0,0,0,0,0,0,0,2,2,30,65,54,3,0,1
0,0,0,0,0,0,0,0,0,0,0,0,0,0,0,0,1,1,0,0
1,0,0,0,0,0,0,0,0,0,0,3,0,1,6,9,10,3,0,0
0,0,0,0,0,0,0,0,0,0,0,0,0,0,2,3,10,6,0,0
2,0,0,0,0,0,0,0,0,0,0,20,121,391,285,62,16,0,0,0
0,0,0,0,0,0,0,0,0,0,0,0,1,0,5,17,26,11,0,1
0,0,0,0,0,0,0,0,0,0,0,0,1,0,0,1,1,1,1,1
7,0,0,0,0,0,0,0,0,0,0,43,206,623,583,94,22,2,0,1
0,0,0,0,0,0,0,0,0,0,0,0,10,15,39,76,27,3,0,1
0,0,0,0,0,0,0,0,0,0,0,0,0,1,0,0,0,0,1,0
8,0,0,0,0,0,0,0,0,0,0,29,104,395,465,100,1,0,0,0
0,0,0,0,0,0,0,0,0,0,0,2,12,25,56,92,15,1,0,0
0,0,0,0,0,0,0,0,0,0,0,0,0,0,0,1,2,3,1,0
0,0,0,0,0,0,0,0,0,0,0,0,1,0,0,0,2,6,0,1
0,0,0,0,0,0,0,0,0,0,0,0,0,0,1,0,0,4,0,0
58,0,0,0,0,0,0,0,0,0,0,461,1534,2721,1277,74,0,0,0,1
0,0,0,0,0,0,0,0,0,0,0,0,0,0,0,0,0,1,1,0
0,0,0,0,0,0,0,0,0,0,0,0,0,0,1,0,0,2,0,0
0,0,0,0,0,0,0,0,0,0,0,0,15,23,49,88,62,3,0,1
300,0,0,0,0,0,0,0,0,0,0,2196,7004,7013,491,0,0,0,0,1
0,0,0,0,0,0,0,0,0,0,0,0,0,0,1,4,0,1,0,0
0,0,0,0,0,0,0,0,0,0,0,7,24,91,180,144,8,0,0,0
54,0,0,0,0,0,0,0,0,0,0,367,1328,2465,1273,82,0,0,0,1
4,0,0,0,0,0,0,0,0,0,0,37,210,542,577,81,0,0,0,0
0,0,0,0,0,0,0,0,0,0,0,1,1,1,2,17,37,11,0,1
0,0,0,0,0,0,0,0,0,0,0,0,9,10,20,43,30,0,0,0
0,0,0,0,0,0,0,0,0,0,0,0,0,0,0,1,1,3,3,1
0,0,0,0,0,0,0,0,0,0,0,0,0,0,1,0,1,3,1,0
0,0,0,0,0,0,0,0,0,0,0,0,0,0,0,0,1,1,2,0
2,0,0,0,0,0,0,0,0,0,0,21,133,269,328,123,4,0,0,0
0,0,0,0,0,0,0,0,0,0,0,0,0,0,0,0,0,2,1,0
0,0,0,0,0,0,0,0,0,0,0,0,0,0,1,2,2,3,3,1
0,0,0,0,0,0,0,0,0,0,0,0,0,1,0,0,0,0,0,0
0,0,0,0,0,0,0,0,0,0,0,0,0,0,0,0,8,5,0,0
0,0,0,0,0,0,0,0,0,0,0,6,20,42,84,44,27,2,0,0
0,0,0,0,0,0,0,0,0,0,0,1,2,6,10,10,21,12,0,1
0,0,0,0,0,0,0,0,0,0,0,0,2,7,22,36,47,5,0,1
0,0,0,0,0,0,0,0,0,0,0,0,0,0,0,1,1,0,0,0
0,0,0,0,0,0,0,0,0,0,0,1,0,1,0,4,6,7,0,0
0,0,0,0,0,0,0,0,0,0,0,1,0,3,21,21,36,9,0,1
7,0,0,0,0,0,0,0,0,0,0,43,128,295,296,114,6,0,0,0
14,0,0,0,0,0,0,0,0,0,0,95,473,1264,1391,102,0,0,0,1
0,0,0,0,0,0,0,0,0,0,0,0,1,5,23,54,26,1,0,0
0,0,0,0,0,0,0,0,0,0,0,0,0,7,5,16,24,4,0,0
0,0,0,0,0,0,0,0,0,0,0,0,1,3,4,4,7,3,1,0
2,0,0,0,0,0,0,0,0,0,0,5,31,53,151,119,10,1,0,0
0,0,0,0,0,0,0,0,0,0,0,0,0,0,0,0,0,1,0,0
0,0,0,0,0,0,0,0,0,0,0,0,0,0,0,0,1,3,0,0
0,0,0,0,0,0,0,0,0,0,0,0,0,0,0,0,2,0,0,0
0,0,0,0,0,0,0,0,0,0,0,0,0,0,0,0,0,5,0,0
0,0,0,0,0,0,0,0,0,0,0,0,0,0,0,0,0,0,1,1
161,0,0,0,0,0,0,0,0,0,0,1176,3597,4176,1137,23,0,0,0,1
0,0,0,0,0,0,0,0,0,0,0,0,2,4,3,8,9,11,1,1
17,0,0,0,0,0,0,0,0,0,0,124,510,1024,604,52,0,0,0,0
0,0,0,0,0,0,0,0,0,0,0,0,0,0,0,1,0,0,0,1
0,0,0,0,0,0,0,0,0,0,0,0,22,158,108,33,14,4,0,0
0,0,0,0,0,0,0,0,0,0,0,5,32,83,167,142,13,0,0,0
2,0,0,0,0,0,0,0,0,0,0,9,53,145,349,239,29,0,0,1
0,0,0,0,0,0,0,0,0,0,0,0,5,4,1,1,1,2,1,1
5,0,0,0,0,0,0,0,0,0,0,23,139,418,597,218,15,0,0,1
7,0,0,0,0,0,0,0,0,0,0,81,366,924,637,57,0,0,0,0
0,0,0,0,0,0,0,0,0,0,0,2,22,28,71,133,52,0,0,1
0,0,0,0,0,0,0,0,0,0,0,0,0,1,0,0,1,0,1,0
0,0,0,0,0,0,0,0,0,0,0,0,0,0,1,0,1,3,1,1
0,0,0,0,0,0,0,0,0,0,0,0,0,1,0,1,2,1,0,0
0,0,0,0,0,0,0,0,0,0,0,1,1,5,12,28,28,11,0,1
0,0,0,0,0,0,0,0,0,0,0,0,0,0,1,1,0,0,2,0
0,0,0,0,0,0,0,0,0,0,0,0,0,3,5,14,6,3,3,1
0,0,0,0,0,0,0,0,0,0,0,0,1,4,5,12,21,9,0,1
0,0,0,0,0,0,0,0,0,0,0,0,0,2,1,1,1,0,0,0
0,0,0,0,0,0,0,0,0,0,0,0,14,5,1,1,4,3,1,1
0,0,0,0,0,0,0,0,0,0,0,15,65,221,511,301,6,0,0,1
0,0,0,0,0,0,0,0,0,0,0,0,0,0,0,2,3,2,3,1
0,0,0,0,0,0,0,0,0,0,0,0,1,1,12,24,21,3,0,0
806,0,0,0,0,0,0,0,0,0,0,5674,13019,6464,367,0,0,0,0,1
0,0,0,0,0,0,0,0,0,0,0,1,0,2,7,16,13,4,0,0
0,0,0,0,0,0,0,0,0,0,0,1,5,17,79,144,55,0,0,1
0,0,0,0,0,0,0,0,0,0,0,0,1,0,0,0,0,1,1,1
400,0,0,0,0,0,0,0,0,0,0,85,130,261,39,4,1,1,1,0
0,0,0,0,0,0,0,0,0,0,0,0,1,1,0,0,0,2,0,0
0,0,0,0,0,0,0,0,0,0,0,0,0,0,0,2,0,1,1,0
0,0,0,0,0,0,0,0,0,0,0,1,0,0,0,0,0,0,0,0
0,0,0,0,0,0,0,0,0,0,0,0,0,0,0,1,2,2,1,0
0,0,0,0,0,0,0,0,0,0,0,6,29,83,123,173,40,0,0,1
242,0,0,0,0,0,0,0,0,0,0,747,83,1443,4,0,2,1,0,0
42,0,0,0,0,0,0,0,0,0,0,349,1295,2526,1409,54,0,0,0,1
0,0,0,0,0,0,0,0,0,0,0,0,0,3,0,1,0,1,1,0
0,0,0,0,0,0,0,0,0,0,0,0,61,19,0,0,0,0,0,0
0,0,0,0,0,0,0,0,0,0,0,1,4,5,15,23,16,11,1,1
0,0,0,0,0,0,0,0,0,0,0,3,11,34,23,2,2,2,3,1
0,0,0,0,0,0,0,0,0,0,0,0,0,2,0,0,0,0,0,0
0,0,0,0,0,0,0,0,0,0,0,1,3,23,41,15,2,2,0,0
0,0,0,0,0,0,0,0,0,0,0,0,0,0,0,0,0,1,1,1
1,0,0,0,0,0,0,0,0,0,0,5,37,108,189,145,7,0,0,0
0,0,0,0,0,0,0,0,0,0,0,0,1,0,0,0,4,7,1,1
30,0,0,0,0,0,0,0,0,0,0,219,639,651,43,4,1,1,0,0
0,0,0,0,0,0,0,0,0,0,0,0,0,1,1,1,0,1,1,0
0,0,0,0,0,0,0,0,0,0,0,0,0,0,0,0,0,3,0,0
0,0,0,0,0,0,0,0,0,0,0,1,11,28,62,87,24,0,0,0
0,0,0,0,0,0,0,0,0,0,0,0,0,1,1,26,12,4,0,0
0,0,0,0,0,0,0,0,0,0,0,0,0,0,0,0,0,1,0,0
0,0,0,0,0,0,0,0,0,0,0,9,74,33,3,6,1,0,2,0
0,0,0,0,0,0,0,0,0,0,0,1,9,22,63,93,21,1,0,0
0,0,0,0,0,0,0,0,0,0,0,0,2,5,10,12,25,12,0,1
0,0,0,0,0,0,0,0,0,0,0,0,55,202,113,45,15,2,0,0
1,0,0,0,0,0,0,0,0,0,0,25,112,398,714,259,4,0,0,1
0,0,0,0,0,0,0,0,0,0,0,0,0,1,1,1,2,2,1,0
174,0,0,0,0,0,0,0,0,0,0,1097,2217,1382,566,29,0,0,0,0
242,0,0,0,0,0,0,0,0,0,0,1567,2816,988,306,80,2,0,0,0
21,0,0,0,0,0,0,0,0,0,0,125,165,257,390,128,1,0,0,0
0,0,0,0,0,0,0,0,0,0,0,3,11,40,103,151,47,1,0,1
0,0,0,0,0,0,0,0,0,0,0,0,0,0,0,0,0,2,0,0
0,0,0,0,0,0,0,0,0,0,0,0,0,0,1,0,0,0,0,0
0,0,0,0,0,0,0,0,0,0,0,0,0,0,1,2,7,8,0,1
0,0,0,0,0,0,0,0,0,0,0,1,4,5,19,31,17,4,0,0
0,0,0,0,0,0,0,0,0,0,0,1,24,59,142,183,44,0,0,1
218,0,0,0,0,0,0,0,0,0,0,691,69,1331,7,2,2,1,0,0
0,0,0,0,0,0,0,0,0,0,0,1,13,72,88,92,31,3,1,1
0,0,0,0,0,0,0,0,0,0,0,1,2,2,9,17,11,4,0,0
145,0,0,0,0,0,0,0,0,0,0,984,3505,5121,1041,1,0,0,0,1
2,0,0,0,0,0,0,0,0,0,0,10,73,183,325,140,0,0,0,0
0,0,0,0,0,0,0,0,0,0,0,0,0,2,1,0,0,1,0,0
0,0,0,0,0,0,0,0,0,0,0,0,0,0,2,3,5,5,0,0
0,0,0,0,0,0,0,0,0,0,0,0,0,1,8,25,36,7,0,1
0,0,0,0,0,0,0,0,0,0,0,0,1,3,11,23,30,2,0,0
5349,0,0,0,0,0,0,0,0,0,0,24162,17202,1304,0,0,0,0,0,0
0,0,0,0,0,0,0,0,0,0,0,0,0,0,0,0,0,1,0,0
0,0,0,0,0,0,0,0,0,0,0,0,2,0,0,0,1,0,0,0
0,0,0,0,0,0,0,0,0,0,0,1,0,2,1,1,2,5,1,0
0,0,0,0,0,0,0,0,0,0,0,1,8,16,26,26,4,4,0,0
0,0,0,0,0,0,0,0,0,0,0,0,0,0,0,0,0,0,1,0
0,0,0,0,0,0,0,0,0,0,0,6,28,97,258,281,23,0,0,1
0,0,0,0,0,0,0,0,0,0,0,2,3,0,4,1,0,5,1,1
5,0,0,0,0,0,0,0,0,0,0,79,350,1082,1192,143,3,0,0,1
0,0,0,0,0,0,0,0,0,0,0,0,1,5,9,14,14,6,0,1
0,0,0,0,0,0,0,0,0,0,0,3,25,84,194,190,39,1,0,1
0,0,0,0,0,0,0,0,0,0,0,5,12,30,61,98,48,4,0,1
0,0,0,0,0,0,0,0,0,0,0,0,1,1,1,2,12,11,0,1
0,0,0,0,0,0,0,0,0,0,0,0,0,1,0,0,1,0,0,1
1,0,0,0,0,0,0,0,0,0,0,3,31,43,100,98,20,0,0,0
0,0,0,0,0,0,0,0,0,0,0,0,1,5,16,39,27,0,0,0
0,0,0,0,0,0,0,0,0,0,0,0,0,0,0,0,1,2,1,1
0,0,0,0,0,0,0,0,0,0,0,1,12,11,37,50,34,3,0,1
0,0,0,0,0,0,0,0,0,0,0,0,0,0,0,0,0,1,0,0
15,0,0,0,0,0,0,0,0,0,0,77,213,280,116,15,0,2,1,1
22,0,0,0,0,0,0,0,0,0,0,131,540,1709,1528,57,0,0,0,1
0,0,0,0,0,0,0,0,0,0,0,0,0,0,0,1,1,1,1,0
0,0,0,0,0,0,0,0,0,0,0,0,0,1,1,1,3,4,0,0
0,0,0,0,0,0,0,0,0,0,0,1,7,32,82,114,20,0,0,0
0,0,0,0,0,0,0,0,0,0,0,0,0,0,0,1,2,2,1,1
0,0,0,0,0,0,0,0,0,0,0,0,0,1,0,1,0,0,0,0
6,0,0,0,0,0,0,0,0,0,0,144,230,10,0,4,2,2,0,0
0,0,0,0,0,0,0,0,0,0,0,0,0,0,1,0,1,0,1,0
0,0,0,0,0,0,0,0,0,0,0,0,1,10,27,68,29,1,0,0
0,0,0,0,0,0,0,0,0,0,0,0,0,0,0,0,1,7,0,1
0,0,0,0,0,0,0,0,0,0,0,0,0,0,1,0,0,1,1,0
0,0,0,0,0,0,0,0,0,0,0,0,0,4,5,13,22,3,0,0
0,0,0,0,0,0,0,0,0,0,0,0,0,0,0,0,0,1,1,0
2,0,0,0,0,0,0,0,0,0,0,15,45,153,324,139,1,0,0,0
5,0,0,0,0,0,0,0,0,0,0,42,158,435,388,119,1,0,0,0
2,0,0,0,0,0,0,0,0,0,0,12,81,86,74,65,23,1,0,0
0,0,0,0,0,0,0,0,0,0,0,21,77,208,301,136,4,0,0,0
0,0,0,0,0,0,0,0,0,0,0,3,19,60,87,36,15,4,1,1
0,0,0,0,0,0,0,0,0,0,0,0,0,0,0,1,1,4,0,0
18,0,0,0,0,0,0,0,0,0,0,109,448,948,604,46,2,0,0,0
0,0,0,0,0,0,0,0,0,0,0,0,0,0,0,0,0,0,1,0
1,0,0,0,0,0,0,0,0,0,0,3,13,50,128,145,39,0,1,1
0,0,0,0,0,0,0,0,0,0,0,0,0,0,1,5,1,6,1,1
0,0,0,0,0,0,0,0,0,0,0,0,0,0,0,1,0,0,1,0
0,0,0,0,0,0,0,0,0,0,0,3,3,1,4,17,12,3,0,0
0,0,0,0,0,0,0,0,0,0,0,0,0,1,1,2,0,7,1,1
0,0,0,0,0,0,0,0,0,0,0,0,0,0,0,1,0,1,1,0
0,0,0,0,0,0,0,0,0,0,0,0,2,15,35,79,30,0,0,0
1,0,0,0,0,0,0,0,0,0,0,7,32,96,167,134,11,0,0,0
19,0,0,0,0,0,0,0,0,0,0,137,546,1235,540,44,3,0,0,0
1,0,0,0,0,0,0,0,0,0,0,6,14,46,111,82,11,0,0,0
0,0,0,0,0,0,0,0,0,0,0,0,0,0,0,0,1,0,1,1
0,0,0,0,0,0,0,0,0,0,0,0,0,1,3,3,9,9,1,1
0,0,0,0,0,0,0,0,0,0,0,1,1,0,0,0,1,3,1,0
0,0,0,0,0,0,0,0,0,0,0,0,0,1,1,0,5,2,0,0
325,0,0,0,0,0,0,0,0,0,0,2357,6367,3777,73,1,0,0,0,0
0,0,0,0,0,0,0,0,0,0,0,0,0,2,9,19,3,2,0,0
0,0,0,0,0,0,0,0,0,0,0,0,0,0,0,0,0,1,0,0
0,0,0,0,0,0,0,0,0,0,0,0,2,5,15,29,43,5,0,1
5,0,0,0,0,0,0,0,0,0,0,21,132,338,426,114,4,0,0,0
0,0,0,0,0,0,0,0,0,0,0,1,9,6,12,24,12,5,0,0
148,0,0,0,0,0,0,0,0,0,0,1017,3431,4581,1123,10,0,0,0,1
0,0,0,0,0,0,0,0,0,0,0,42,25,23,70,96,20,6,1,1
0,0,0,0,0,0,0,0,0,0,0,0,3,11,6,34,42,6,0,1
4050,0,0,0,0,0,0,0,0,0,0,19889,18098,4163,504,1,0,0,0,1
13,0,0,0,0,0,0,0,0,0,0,83,404,1190,1281,122,0,0,0,1
0,0,0,0,0,0,0,0,0,0,0,0,2,3,1,7,10,6,0,0
0,0,0,0,0,0,0,0,0,0,0,0,2,5,4,5,15,11,0,1
0,0,0,0,0,0,0,0,0,0,0,0,0,0,0,0,1,1,0,0
0,0,0,0,0,0,0,0,0,0,0,0,4,16,15,53,55,3,0,1
0,0,0,0,0,0,0,0,0,0,0,0,2,1,2,3,4,6,1,1
0,0,0,0,0,0,0,0,0,0,0,0,1,1,1,3,10,12,0,1
0,0,0,0,0,0,0,0,0,0,0,0,5,4,8,37,39,7,0,1
0,0,0,0,0,0,0,0,0,0,0,0,0,0,0,0,1,2,1,0
0,0,0,0,0,0,0,0,0,0,0,0,0,0,0,0,1,3,3,1
0,0,0,0,0,0,0,0,0,0,0,0,0,0,0,1,0,0,0,0
0,0,0,0,0,0,0,0,0,0,0,0,0,0,0,2,1,5,0,0
3,0,0,0,0,0,0,0,0,0,0,1,2,1,0,7,2,1,1,0
0,0,0,0,0,0,0,0,0,0,0,0,0,96,36,7,6,2,0,0
0,0,0,0,0,0,0,0,0,0,0,0,0,1,2,1,3,4,2,1
0,0,0,0,0,0,0,0,0,0,0,7,18,74,183,146,6,0,0,0
58,0,0,0,0,0,0,0,0,0,0,398,1429,2108,921,147,3,0,0,1
6,0,0,0,0,0,0,0,0,0,0,59,306,859,748,40,0,0,0,0
7,0,0,0,0,0,0,0,0,0,0,120,531,1199,1137,164,0,0,0,1
0,0,0,0,0,0,0,0,0,0,0,0,1,1,3,5,11,8,1,1
0,0,0,0,0,0,0,0,0,0,0,0,4,17,40,48,20,3,0,0
12,0,0,0,0,0,0,0,0,0,0,87,386,1034,669,19,2,1,0,0
1,0,0,0,0,0,0,0,0,0,0,3,3,26,83,84,25,0,0,0
7,0,0,0,0,0,0,0,0,0,0,69,274,403,129,72,16,0,0,0
0,0,0,0,0,0,0,0,0,0,0,0,0,1,1,2,5,6,2,1
0,0,0,0,0,0,0,0,0,0,0,0,0,1,1,2,0,5,0,0
0,0,0,0,0,0,0,0,0,0,0,0,0,0,0,1,7,6,1,1
0,0,0,0,0,0,0,0,0,0,0,0,9,5,16,27,22,3,0,0
713,0,0,0,0,0,0,0,0,0,0,4086,5528,2420,384,1,0,0,0,0
0,0,0,0,0,0,0,0,0,0,0,1,7,13,31,71,49,5,0,1
0,0,0,0,0,0,0,0,0,0,0,0,0,2,1,8,15,5,0,0
6,0,0,0,0,0,0,0,0,0,0,46,212,643,610,69,0,0,0,0
643,0,0,0,0,0,0,0,0,0,0,4206,8941,5908,618,3,1,0,0,1
0,0,0,0,0,0,0,0,0,0,0,0,0,0,0,1,0,0,0,0
0,0,0,0,0,0,0,0,0,0,0,8,25,99,255,127,32,6,0,1
0,0,0,0,0,0,0,0,0,0,0,9,52,105,160,42,2,5,1,1
0,0,0,0,0,0,0,0,0,0,0,0,0,0,0,0,4,5,0,0
0,0,0,0,0,0,0,0,0,0,0,0,0,0,0,0,0,0,1,0
0,0,0,0,0,0,0,0,0,0,0,0,0,3,1,0,1,4,0,0
0,0,0,0,0,0,0,0,0,0,0,1,1,0,4,18,18,5,0,0
0,0,0,0,0,0,0,0,0,0,0,0,0,1,4,15,15,9,0,1
0,0,0,0,0,0,0,0,0,0,0,0,0,0,0,0,1,0,0,0
5,0,0,0,0,0,0,0,0,0,0,23,107,367,544,209,22,1,0,1
0,0,0,0,0,0,0,0,0,0,0,0,0,0,0,0,0,1,1,0
0,0,0,0,0,0,0,0,0,0,0,1,261,63,21,44,22,3,0,0
0,0,0,0,0,0,0,0,0,0,0,0,0,0,0,0,5,5,0,0
0,0,0,0,0,0,0,0,0,0,0,0,0,0,0,0,0,0,0,1
0,0,0,0,0,0,0,0,0,0,0,0,0,0,0,0,0,2,0,0
0,0,0,0,0,0,0,0,0,0,0,0,0,0,0,1,0,0,1,1
0,0,0,0,0,0,0,0,0,0,0,0,0,0,0,0,0,1,0,0
5901,0,0,0,0,0,0,0,0,0,0,26161,18412,946,0,0,0,0,0,0
0,0,0,0,0,0,0,0,0,0,0,0,0,9,2,1,0,0,0,0
0,0,0,0,0,0,0,0,0,0,0,0,0,0,0,0,3,6,1,1
0,0,0,0,0,0,0,0,0,0,0,1,0,1,1,0,1,3,0,0
0,0,0,0,0,0,0,0,0,0,0,0,0,0,0,0,0,0,1,0
0,0,0,0,0,0,0,0,0,0,0,0,0,0,1,3,4,6,0,0
0,0,0,0,0,0,0,0,0,0,0,0,0,1,0,1,2,4,3,1
0,0,0,0,0,0,0,0,0,0,0,0,3,3,15,24,29,10,0,1
0,0,0,0,0,0,0,0,0,0,0,0,0,0,0,1,1,4,0,0
3,0,0,0,0,0,0,0,0,0,0,43,260,699,639,55,0,0,0,0
9,0,0,0,0,0,0,0,0,0,0,83,265,669,687,51,0,0,0,0
1,0,0,0,0,0,0,0,0,0,0,0,25,55,98,40,4,0,2,0
0,0,0,0,0,0,0,0,0,0,0,6,28,100,211,115,16,0,0,0
0,0,0,0,0,0,0,0,0,0,0,2,19,39,71,93,24,0,0,0
0,0,0,0,0,0,0,0,0,0,0,6,37,139,229,116,10,0,0,0
0,0,0,0,0,0,0,0,0,0,0,0,0,0,1,1,0,0,0,1
0,0,0,0,0,0,0,0,0,0,0,0,2,1,0,0,0,3,1,1
0,0,0,0,0,0,0,0,0,0,0,0,0,0,0,0,1,0,1,0
0,0,0,0,0,0,0,0,0,0,0,2,1,5,2,22,37,8,0,1
0,0,0,0,0,0,0,0,0,0,0,0,0,1,2,1,2,2,0,0
0,0,0,0,0,0,0,0,0,0,0,0,0,0,0,0,3,2,1,0
0,0,0,0,0,0,0,0,0,0,0,0,0,4,0,0,1,0,1,1
0,0,0,0,0,0,0,0,0,0,0,0,0,9,13,22,35,9,0,1
0,0,0,0,0,0,0,0,0,0,0,5,7,16,69,100,19,0,0,0
0,0,0,0,0,0,0,0,0,0,0,0,0,0,0,1,1,2,0,0
0,0,0,0,0,0,0,0,0,0,0,2,19,52,145,164,50,0,0,1
0,0,0,0,0,0,0,0,0,0,0,0,0,0,1,2,6,7,1,1
0,0,0,0,0,0,0,0,0,0,0,0,0,2,1,0,0,2,1,0
0,0,0,0,0,0,0,0,0,0,0,0,0,0,0,0,0,1,0,0
0,0,0,0,0,0,0,0,0,0,0,0,0,0,2,1,2,5,2,1
0,0,0,0,0,0,0,0,0,0,0,0,0,0,1,3,0,1,0,0
0,0,0,0,0,0,0,0,0,0,0,1,11,30,125,158,44,2,0,1
0,0,0,0,0,0,0,0,0,0,0,0,0,0,0,0,3,5,1,1
3,0,0,0,0,0,0,0,0,0,0,59,289,795,1094,186,1,0,0,1
0,0,0,0,0,0,0,0,0,0,0,0,1,0,1,2,4,3,1,0
1,0,0,0,0,0,0,0,0,0,0,9,31,62,149,185,41,0,0,1
2,0,0,0,0,0,0,0,0,0,0,9,42,165,309,119,9,0,0,0
0,0,0,0,0,0,0,0,0,0,0,0,0,1,0,1,5,5,0,0
0,0,0,0,0,0,0,0,0,0,0,0,1,6,20,21,26,9,0,1
0,0,0,0,0,0,0,0,0,0,0,0,0,0,0,0,0,1,0,0
0,0,0,0,0,0,0,0,0,0,0,0,0,0,0,0,1,2,1,1
1,0,0,0,0,0,0,0,0,0,0,6,28,71,170,182,48,0,0,1
0,0,0,0,0,0,0,0,0,0,0,4,36,84,212,243,28,0,0,1
6243,0,0,0,0,0,0,0,0,0,0,21923,21416,5225,178,0,0,0,0,1
0,0,0,0,0,0,0,0,0,0,0,0,0,0,0,0,0,1,0,0
5,0,0,0,0,0,0,0,0,0,0,31,112,292,450,229,23,0,0,1
3,0,0,0,0,0,0,0,0,0,0,15,74,230,490,317,4,0,0,1
2,0,0,0,0,0,0,0,0,0,0,24,118,260,351,115,4,0,0,0
0,0,0,0,0,0,0,0,0,0,0,0,0,0,0,0,0,0,1,1
0,0,0,0,0,0,0,0,0,0,0,1,4,14,35,64,22,2,0,0
0,0,0,0,0,0,0,0,0,0,0,0,0,0,0,0,0,1,0,0
0,0,0,0,0,0,0,0,0,0,0,0,0,0,3,4,10,6,0,0
3,0,0,0,0,0,0,0,0,0,0,47,189,505,632,153,16,2,0,1
0,0,0,0,0,0,0,0,0,0,0,0,0,1,0,0,1,4,2,1
0,0,0,0,0,0,0,0,0,0,0,0,0,0,0,2,3,6,0,0
0,0,0,0,0,0,0,0,0,0,0,0,0,0,0,0,0,1,0,0
139,0,0,0,0,0,0,0,0,0,0,71,85,226,134,47,10,3,0,0
0,0,0,0,0,0,0,0,0,0,0,0,0,0,0,0,0,2,0,1
8,0,0,0,0,0,0,0,0,0,0,86,377,1003,697,40,0,0,0,0
1,0,0,0,0,0,0,0,0,0,0,1,20,35,74,63,26,1,0,0
4,0,0,0,0,0,0,0,0,0,0,15,67,230,472,282,9,0,0,1
0,0,0,0,0,0,0,0,0,0,0,0,0,0,0,0,0,0,1,0
0,0,0,0,0,0,0,0,0,0,0,3,7,32,112,156,49,0,0,1
0,0,0,0,0,0,0,0,0,0,0,0,0,0,5,17,31,2,0,0
0,0,0,0,0,0,0,0,0,0,0,0,2,9,25,62,34,0,0,0
0,0,0,0,0,0,0,0,0,0,0,0,0,0,1,1,0,3,0,0
0,0,0,0,0,0,0,0,0,0,0,0,0,0,0,0,0,0,1,0
6,0,0,0,0,0,0,0,0,0,0,7,4,1,0,1,1,0,1,0
5,0,0,0,0,0,0,0,0,0,0,74,279,890,1056,198,1,0,0,1
0,0,0,0,0,0,0,0,0,0,0,0,4,26,60,110,49,3,0,1
0,0,0,0,0,0,0,0,0,0,0,0,1,10,23,70,55,5,0,1
129,0,0,0,0,0,0,0,0,0,0,744,1672,2362,1338,71,0,0,0,1
0,0,0,0,0,0,0,0,0,0,0,0,0,0,0,0,0,0,1,0
0,0,0,0,0,0,0,0,0,0,0,0,5,4,10,16,25,4,0,0
1,0,0,0,0,0,0,0,0,0,0,12,73,277,594,298,5,0,0,1
0,0,0,0,0,0,0,0,0,0,0,3,0,1,0,8,11,7,0,0
0,0,0,0,0,0,0,0,0,0,0,0,0,0,0,0,0,0,2,0
0,0,0,0,0,0,0,0,0,0,0,8,27,49,79,76,22,0,0,0
0,0,0,0,0,0,0,0,0,0,0,1,0,6,14,18,15,5,0,0
0,0,0,0,0,0,0,0,0,0,0,0,0,0,0,1,2,4,1,0
0,0,0,0,0,0,0,0,0,0,0,0,0,0,0,1,0,0,2,0
1839,0,0,0,0,0,0,0,0,0,0,11504,20578,6217,58,0,0,0,0,1
0,0,0,0,0,0,0,0,0,0,0,0,0,0,1,0,1,4,0,0
0,0,0,0,0,0,0,0,0,0,0,0,0,0,0,0,0,3,0,0
0,0,0,0,0,0,0,0,0,0,0,0,1,1,0,8,7,7,1,1
0,0,0,0,0,0,0,0,0,0,0,0,0,0,0,0,4,5,1,1
0,0,0,0,0,0,0,0,0,0,0,0,0,0,0,1,3,6,0,0
2,0,0,0,0,0,0,0,0,0,0,29,29,11,4,2,0,4,1,0
0,0,0,0,0,0,0,0,0,0,0,0,0,0,2,1,6,4,1,1
0,0,0,0,0,0,0,0,0,0,0,0,2,2,6,8,19,6,0,0
0,0,0,0,0,0,0,0,0,0,0,0,0,0,0,0,0,1,1,1
0,0,0,0,0,0,0,0,0,0,0,0,0,1,0,1,2,3,0,0
0,0,0,0,0,0,0,0,0,0,0,0,1,6,7,20,18,4,0,0
4,0,0,0,0,0,0,0,0,0,0,19,108,243,219,136,45,0,0,1
0,0,0,0,0,0,0,0,0,0,0,0,0,4,8,37,38,9,0,1
0,0,0,0,0,0,0,0,0,0,0,0,0,0,0,4,3,3,0,0
0,0,0,0,0,0,0,0,0,0,0,0,0,1,0,7,6,4,1,0
0,0,0,0,0,0,0,0,0,0,0,0,11,12,29,70,43,7,0,1
0,0,0,0,0,0,0,0,0,0,0,0,0,0,1,0,0,1,3,1
0,0,0,0,0,0,0,0,0,0,0,1,3,24,12,12,10,10,1,1
0,0,0,0,0,0,0,0,0,0,0,0,0,0,1,0,0,1,0,0
0,0,0,0,0,0,0,0,0,0,0,0,0,0,0,2,0,2,3,1
0,0,0,0,0,0,0,0,0,0,0,1,0,5,13,28,18,11,0,1
0,0,0,0,0,0,0,0,0,0,0,0,2,4,13,29,23,3,0,0
0,0,0,0,0,0,0,0,0,0,0,0,0,2,1,1,10,8,0,1
0,0,0,0,0,0,0,0,0,0,0,11,68,176,203,79,12,2,0,0
16,0,0,0,0,0,0,0,0,0,0,96,257,47,2,2,1,2,1,0
1,0,0,0,0,0,0,0,0,0,0,58,4,12,51,106,54,2,0,1
0,0,0,0,0,0,0,0,0,0,0,0,0,0,0,5,9,6,0,0
0,0,0,0,0,0,0,0,0,0,0,0,4,5,17,39,33,0,0,0
0,0,0,0,0,0,0,0,0,0,0,1,3,6,15,36,36,6,0,1
0,0,0,0,0,0,0,0,0,0,0,0,0,0,0,1,0,1,1,0
0,0,0,0,0,0,0,0,0,0,0,0,0,5,7,13,14,5,0,0
0,0,0,0,0,0,0,0,0,0,0,0,15,20,52,84,35,2,1,1
0,0,0,0,0,0,0,0,0,0,0,2,2,0,7,22,16,6,0,1
0,0,0,0,0,0,0,0,0,0,0,0,3,2,1,1,2,2,1,1
0,0,0,0,0,0,0,0,0,0,0,0,1,0,1,2,15,8,1,1
0,0,0,0,0,0,0,0,0,0,0,0,0,0,0,0,0,0,1,1
0,0,0,0,0,0,0,0,0,0,0,0,0,0,0,0,4,4,1,0
0,0,0,0,0,0,0,0,0,0,0,0,0,0,0,1,0,0,0,1
0,0,0,0,0,0,0,0,0,0,0,0,0,2,3,1,1,2,0,0
0,0,0,0,0,0,0,0,0,0,0,0,0,0,0,1,2,5,0,0
0,0,0,0,0,0,0,0,0,0,0,0,5,13,51,52,23,10,0,1
18,0,0,0,0,0,0,0,0,0,0,92,448,1074,1183,167,0,0,0,1
0,0,0,0,0,0,0,0,0,0,0,1,24,72,146,116,14,0,0,0
0,0,0,0,0,0,0,0,0,0,0,0,2,16,26,61,26,2,1,1
131,0,0,0,0,0,0,0,0,0,0,1085,3913,5167,999,6,0,0,0,1
2,0,0,0,0,0,0,0,0,0,0,150,12,0,0,0,0,0,0,0
6,0,0,0,0,0,0,0,0,0,0,36,136,549,838,222,6,0,0,1
0,0,0,0,0,0,0,0,0,0,0,1,7,26,33,67,43,6,0,1
0,0,0,0,0,0,0,0,0,0,0,0,1,4,17,53,25,2,1,1
0,0,0,0,0,0,0,0,0,0,0,0,0,0,0,0,0,0,1,0
0,0,0,0,0,0,0,0,0,0,0,0,0,2,9,11,12,7,0,0
17,0,0,0,0,0,0,0,0,0,0,71,415,1003,659,44,0,0,0,0
0,0,0,0,0,0,0,0,0,0,0,0,0,0,0,0,0,2,1,1
0,0,0,0,0,0,0,0,0,0,0,0,1,0,0,2,5,5,0,0
0,0,0,0,0,0,0,0,0,0,0,0,0,0,0,0,0,0,0,1
2,0,0,0,0,0,0,0,0,0,0,15,34,108,253,138,7,0,0,0
0,0,0,0,0,0,0,0,0,0,0,0,1,0,0,0,1,2,0,0
262,0,0,0,0,0,0,0,0,0,0,2045,6348,6439,667,0,0,0,0,1
0,0,0,0,0,0,0,0,0,0,0,2,16,64,163,160,46,2,0,1
0,0,0,0,0,0,0,0,0,0,0,0,2,11,41,92,16,1,0,0
1,0,0,0,0,0,0,0,0,0,0,0,0,1,6,21,17,12,0,1
0,0,0,0,0,0,0,0,0,0,0,1,1,31,39,17,5,5,0,0
4,0,0,0,0,0,0,0,0,0,0,73,19,42,130,123,36,3,0,1
0,0,0,0,0,0,0,0,0,0,0,2,7,27,118,161,40,2,0,1
0,0,0,0,0,0,0,0,0,0,0,0,0,0,0,0,0,0,1,0
0,0,0,0,0,0,0,0,0,0,0,0,0,0,0,0,0,1,1,0
0,0,0,0,0,0,0,0,0,0,0,0,0,0,0,0,2,4,0,1
0,0,0,0,0,0,0,0,0,0,0,0,0,0,0,0,0,1,0,0
0,0,0,0,0,0,0,0,0,0,0,0,0,1,0,1,5,10,0,1
0,0,0,0,0,0,0,0,0,0,0,0,0,0,0,0,0,2,0,1
0,0,0,0,0,0,0,0,0,0,0,0,1,1,9,26,18,11,0,1
0,0,0,0,0,0,0,0,0,0,0,0,0,1,2,1,2,5,0,0
0,0,0,0,0,0,0,0,0,0,0,0,0,0,0,0,0,1,1,1
0,0,0,0,0,0,0,0,0,0,0,0,0,0,2,7,14,6,0,0
0,0,0,0,0,0,0,0,0,0,0,0,0,3,3,19,14,5,0,0
23,0,0,0,0,0,0,0,0,0,0,175,717,1493,715,13,0,0,0,0
0,0,0,0,0,0,0,0,0,0,0,0,0,2,0,0,5,6,0,1
0,0,0,0,0,0,0,0,0,0,0,0,0,1,0,0,6,5,0,0
0,0,0,0,0,0,0,0,0,0,0,1,1,1,8,28,32,8,0,1
222,0,0,0,0,0,0,0,0,0,0,1482,4203,3955,1060,36,0,0,0,1
22,0,0,0,0,0,0,0,0,0,0,40,16,5,3,5,3,0,0,0
92,0,0,0,0,0,0,0,0,0,0,816,2834,4710,1136,5,0,0,0,1
0,0,0,0,0,0,0,0,0,0,0,1,1,2,1,4,8,5,0,0
0,0,0,0,0,0,0,0,0,0,0,0,0,0,0,0,0,1,1,0
1,0,0,0,0,0,0,0,0,0,0,2,2,9,28,30,1,1,1,0
0,0,0,0,0,0,0,0,0,0,0,2,1,0,0,1,1,1,0,0
0,0,0,0,0,0,0,0,0,0,0,0,0,0,0,0,0,2,1,0
11,0,0,0,0,0,0,0,0,0,0,72,340,1004,1041,185,3,0,0,1
0,0,0,0,0,0,0,0,0,0,0,5,28,108,268,128,4,1,0,0
134,0,0,0,0,0,0,0,0,0,0,1067,3220,3278,315,0,0,0,0,0
1,0,0,0,0,0,0,0,0,0,0,4,12,51,131,115,15,0,0,0
68,0,0,0,0,0,0,0,0,0,0,583,2267,4002,1272,16,0,0,0,1
0,0,0,0,0,0,0,0,0,0,0,2,3,11,18,31,30,8,0,1
0,0,0,0,0,0,0,0,0,0,0,0,1,0,2,5,2,2,1,0
0,0,0,0,0,0,0,0,0,0,0,0,0,1,1,5,4,5,0,0
0,0,0,0,0,0,0,0,0,0,0,3,40,165,298,148,1,0,0,0
0,0,0,0,0,0,0,0,0,0,0,0,0,0,0,0,0,3,0,0
0,0,0,0,0,0,0,0,0,0,0,0,0,0,1,3,5,3,1,0
0,0,0,0,0,0,0,0,0,0,0,0,2,28,2066,43,2,0,0,1
2,0,0,0,0,0,0,0,0,0,0,16,46,160,446,207,7,3,0,1
0,0,0,0,0,0,0,0,0,0,0,0,0,2,1,3,8,8,1,1
0,0,0,0,0,0,0,0,0,0,0,0,0,0,0,0,1,1,1,0
0,0,0,0,0,0,0,0,0,0,0,0,0,3,7,22,24,10,0,1
0,0,0,0,0,0,0,0,0,0,0,0,0,1,0,0,0,3,2,0
0,0,0,0,0,0,0,0,0,0,0,0,0,1,0,0,0,1,1,0
0,0,0,0,0,0,0,0,0,0,0,0,0,10,178,43,21,2,0,0
0,0,0,0,0,0,0,0,0,0,0,5,8,16,33,18,43,7,0,1
282,0,0,0,0,0,0,0,0,0,0,2030,6445,6642,603,0,0,0,0,1
0,0,0,0,0,0,0,0,0,0,0,2,12,35,80,117,54,2,0,1
0,0,0,0,0,0,0,0,0,0,0,0,0,0,0,0,3,4,0,0
0,0,0,0,0,0,0,0,0,0,0,2,5,17,57,65,47,5,0,1
0,0,0,0,0,0,0,0,0,0,0,0,0,0,0,0,1,2,0,0
0,0,0,0,0,0,0,0,0,0,0,0,3,13,35,62,22,3,0,0
0,0,0,0,0,0,0,0,0,0,0,1,3,8,16,27,19,5,0,0
0,0,0,0,0,0,0,0,0,0,0,0,1,0,3,5,3,7,0,0
20,0,0,0,0,0,0,0,0,0,0,206,778,1534,912,51,4,3,0,1
0,0,0,0,0,0,0,0,0,0,0,0,0,1,2,2,6,8,1,1
0,0,0,0,0,0,0,0,0,0,0,0,0,1,2,2,8,10,0,1
113,0,0,0,0,0,0,0,0,0,0,886,2777,2881,378,4,0,0,0,0
0,0,0,0,0,0,0,0,0,0,0,0,0,0,0,0,0,0,0,1
0,0,0,0,0,0,0,0,0,0,0,0,0,0,0,2,1,3,2,1
0,0,0,0,0,0,0,0,0,0,0,0,12,48,1167,22,0,0,0,0
0,0,0,0,0,0,0,0,0,0,0,0,0,1,0,0,3,5,0,0
0,0,0,0,0,0,0,0,0,0,0,0,0,5,2,4,16,11,0,1
0,0,0,0,0,0,0,0,0,0,0,0,0,0,0,0,0,2,0,0
0,0,0,0,0,0,0,0,0,0,0,0,0,1,0,0,2,2,1,1
0,0,0,0,0,0,0,0,0,0,0,0,0,1,1,3,11,6,0,0
0,0,0,0,0,0,0,0,0,0,0,1,2,8,22,48,27,2,0,0
0,0,0,0,0,0,0,0,0,0,0,2,2,0,1,1,5,1,1,0
0,0,0,0,0,0,0,0,0,0,0,0,1,1,0,1,0,5,1,1
0,0,0,0,0,0,0,0,0,0,0,0,0,0,0,0,0,0,0,1
8,0,0,0,0,0,0,0,0,0,0,34,171,461,494,110,0,0,0,0
0,0,0,0,0,0,0,0,0,0,0,0,0,1,1,1,2,10,0,1
0,0,0,0,0,0,0,0,0,0,0,0,1,167,54,5,12,12,0,1
0,0,0,0,0,0,0,0,0,0,0,2,0,0,2,7,8,5,0,0
0,0,0,0,0,0,0,0,0,0,0,0,0,1,3,2,11,1,1,0
0,0,0,0,0,0,0,0,0,0,0,0,6,22,79,98,19,0,0,0
0,0,0,0,0,0,0,0,0,0,0,0,0,1,0,0,0,0,0,0
87,0,0,0,0,0,0,0,0,0,0,250,439,41,0,1,1,2,0,0
0,0,0,0,0,0,0,0,0,0,0,1,1,3,7,13,27,12,0,1
47,0,0,0,0,0,0,0,0,0,0,49,7,12,34,27,13,4,0,0
0,0,0,0,0,0,0,0,0,0,0,0,0,1,17,27,30,1,0,0
0,0,0,0,0,0,0,0,0,0,0,0,0,0,0,0,0,0,0,1
0,0,0,0,0,0,0,0,0,0,0,0,2,1,1,0,3,5,0,0
0,0,0,0,0,0,0,0,0,0,0,0,10,14,46,46,21,9,0,1
4,0,0,0,0,0,0,0,0,0,0,27,126,423,664,220,13,0,0,1
0,0,0,0,0,0,0,0,0,0,0,0,0,0,0,1,1,2,1,1
0,0,0,0,0,0,0,0,0,0,0,0,0,3,7,24,15,5,0,0
2,0,0,0,0,0,0,0,0,0,0,0,1,4,1,1,4,6,0,0
0,0,0,0,0,0,0,0,0,0,0,0,0,0,0,0,2,2,0,0
8862,0,0,0,0,0,0,0,0,0,0,31826,28464,4192,10,1,0,0,0,1
0,0,0,0,0,0,0,0,0,0,0,0,0,0,2,1,7,7,0,0
0,0,0,0,0,0,0,0,0,0,0,1,1,5,7,27,24,1,0,0
1,0,0,0,0,0,0,0,0,0,0,1,1,2,16,35,15,2,0,0
0,0,0,0,0,0,0,0,0,0,0,0,0,0,0,0,0,0,1,1
0,0,0,0,0,0,0,0,0,0,0,0,0,0,0,1,0,9,0,1
58,0,0,0,0,0,0,0,0,0,0,67,14,141,196,97,27,1,0,1
0,0,0,0,0,0,0,0,0,0,0,0,1,10,29,52,29,1,0,0
3,0,0,0,0,0,0,0,0,0,0,20,94,228,242,151,4,0,0,0
0,0,0,0,0,0,0,0,0,0,0,0,0,0,0,0,0,0,1,0
23,0,0,0,0,0,0,0,0,0,0,164,563,1015,629,46,0,0,0,0
0,0,0,0,0,0,0,0,0,0,0,0,0,0,1,0,1,1,1,1
0,0,0,0,0,0,0,0,0,0,0,14,63,236,404,122,2,0,0,0
0,0,0,0,0,0,0,0,0,0,0,0,3,14,29,65,47,6,0,1
0,0,0,0,0,0,0,0,0,0,0,7,25,94,198,126,10,0,0,0
0,0,0,0,0,0,0,0,0,0,0,2,11,173,39,8,2,1,3,1
0,0,0,0,0,0,0,0,0,0,0,5,39,113,226,125,10,0,0,0
0,0,0,0,0,0,0,0,0,0,0,0,0,0,0,0,0,2,0,1
0,0,0,0,0,0,0,0,0,0,0,1,5,39,95,85,17,1,0,0
0,0,0,0,0,0,0,0,0,0,0,0,0,0,0,0,1,0,0,0
12,0,0,0,0,0,0,0,0,0,0,105,405,1094,750,23,0,0,0,0
0,0,0,0,0,0,0,0,0,0,0,0,3,8,20,60,25,1,1,1
0,0,0,0,0,0,0,0,0,0,0,0,0,0,0,1,0,5,0,0
0,0,0,0,0,0,0,0,0,0,0,0,2,44,75,25,7,8,0,1
0,0,0,0,0,0,0,0,0,0,0,0,0,1,0,1,2,4,3,1
0,0,0,0,0,0,0,0,0,0,0,0,0,0,0,0,0,1,1,1
2,0,0,0,0,0,0,0,0,0,0,3,11,23,72,168,48,1,0,1
0,0,0,0,0,0,0,0,0,0,0,1,1,2,3,3,3,4,2,1
604,0,0,0,0,0,0,0,0,0,0,1277,878,201,53,78,21,0,0,0
186,0,0,0,0,0,0,0,0,0,0,1444,4288,4828,1067,4,0,0,0,1
1,0,0,0,0,0,0,0,0,0,0,27,31,80,162,173,46,0,0,1
8,0,0,0,0,0,0,0,0,0,0,87,353,777,448,76,2,0,0,1
0,0,0,0,0,0,0,0,0,0,0,0,1,3,0,9,14,10,0,1
0,0,0,0,0,0,0,0,0,0,0,0,0,0,0,0,0,0,1,0
92,0,0,0,0,0,0,0,0,0,0,760,2839,4596,1150,11,0,0,0,1
0,0,0,0,0,0,0,0,0,0,0,0,0,0,0,0,0,0,0,1
0,0,0,0,0,0,0,0,0,0,0,0,0,0,2,3,5,3,0,0
0,0,0,0,0,0,0,0,0,0,0,0,0,0,0,0,0,0,1,0
231,0,0,0,0,0,0,0,0,0,0,589,1403,2403,557,5,0,0,0,0
0,0,0,0,0,0,0,0,0,0,0,13,58,8,2,0,0,0,1,1
0,0,0,0,0,0,0,0,0,0,0,3,17,33,86,97,21,0,0,0
4,0,0,0,0,0,0,0,0,0,0,58,274,694,642,59,0,0,0,0
0,0,0,0,0,0,0,0,0,0,0,2,29,84,142,64,17,2,0,0
1,0,0,0,0,0,0,0,0,0,0,3,7,5,9,1,1,1,1,0
101,0,0,0,0,0,0,0,0,0,0,334,153,88,4,5,6,4,0,0
0,0,0,0,0,0,0,0,0,0,0,0,0,0,0,0,0,0,1,0
5,0,0,0,0,0,0,0,0,0,0,55,190,575,812,244,4,0,0,1
0,0,0,0,0,0,0,0,0,0,0,0,1,3,8,26,23,12,0,1
0,0,0,0,0,0,0,0,0,0,0,0,0,0,0,0,1,0,0,0
0,0,0,0,0,0,0,0,0,0,0,0,1,4,3,1,5,4,1,1
0,0,0,0,0,0,0,0,0,0,0,0,1,2,4,2,4,5,0,0
0,0,0,0,0,0,0,0,0,0,0,0,0,0,0,0,0,1,1,1
0,0,0,0,0,0,0,0,0,0,0,0,0,0,1,0,2,4,1,0
37,0,0,0,0,0,0,0,0,0,0,280,1351,2814,457,2,0,0,0,0
0,0,0,0,0,0,0,0,0,0,0,0,0,0,0,0,0,1,0,0
0,0,0,0,0,0,0,0,0,0,0,0,0,0,0,2,3,0,0,0
2,0,0,0,0,0,0,0,0,0,0,9,62,184,344,69,4,1,0,0
0,0,0,0,0,0,0,0,0,0,0,0,0,0,0,0,0,0,1,0
4,0,0,0,0,0,0,0,0,0,0,24,89,212,169,30,3,3,0,1
0,0,0,0,0,0,0,0,0,0,0,3,30,67,97,97,22,0,0,0
0,0,0,0,0,0,0,0,0,0,0,0,1,4,7,17,29,12,0,1
3,0,0,0,0,0,0,0,0,0,0,6,43,163,275,130,3,0,0,0
0,0,0,0,0,0,0,0,0,0,0,0,0,0,2,3,9,6,1,1
0,0,0,0,0,0,0,0,0,0,0,0,0,0,2,0,2,5,0,0
0,0,0,0,0,0,0,0,0,0,0,1,0,2,5,9,26,3,0,0
0,0,0,0,0,0,0,0,0,0,0,0,1,0,0,0,0,0,0,0
0,0,0,0,0,0,0,0,0,0,0,0,0,1,0,2,0,1,0,0
0,0,0,0,0,0,0,0,0,0,0,0,0,0,3,0,0,0,1,1
0,0,0,0,0,0,0,0,0,0,0,0,2,1,7,26,33,9,0,1
0,0,0,0,0,0,0,0,0,0,0,1,1,3,6,13,6,3,0,0
0,0,0,0,0,0,0,0,0,0,0,0,6,16,29,46,20,3,0,0
0,0,0,0,0,0,0,0,0,0,0,0,0,1,2,6,13,8,1,1
0,0,0,0,0,0,0,0,0,0,0,0,0,1,5,0,2,7,0,0
0,0,0,0,0,0,0,0,0,0,0,0,0,0,0,0,0,1,0,0
0,0,0,0,0,0,0,0,0,0,0,1,6,24,38,86,24,0,0,0
6,0,0,0,0,0,0,0,0,0,0,26,153,379,418,101,6,0,0,0
0,0,0,0,0,0,0,0,0,0,0,0,0,1,1,4,5,6,0,0
0,0,0,0,0,0,0,0,0,0,0,0,0,0,0,0,0,2,1,1
0,0,0,0,0,0,0,0,0,0,0,0,1,2,6,15,22,11,0,1
2,0,0,0,0,0,0,0,0,0,0,15,88,237,347,125,4,0,0,0
18,0,0,0,0,0,0,0,0,0,0,64,285,723,600,65,0,0,0,0
0,0,0,0,0,0,0,0,0,0,0,0,0,0,0,0,0,0,0,1
0,0,0,0,0,0,0,0,0,0,0,0,0,0,2,20,14,11,0,1
0,0,0,0,0,0,0,0,0,0,0,0,1,3,6,12,16,4,0,0
11,0,0,0,0,0,0,0,0,0,0,102,384,932,497,22,5,1,0,0
0,0,0,0,0,0,0,0,0,0,0,2,7,30,77,96,20,0,0,0
0,0,0,0,0,0,0,0,0,0,0,0,0,1,0,5,8,8,1,1
0,0,0,0,0,0,0,0,0,0,0,0,0,1,3,2,8,9,0,1
0,0,0,0,0,0,0,0,0,0,0,0,6,8,9,21,16,6,0,0
0,0,0,0,0,0,0,0,0,0,0,0,0,0,0,0,0,2,1,1
0,0,0,0,0,0,0,0,0,0,0,0,0,0,2,0,7,6,0,0
0,0,0,0,0,0,0,0,0,0,0,0,0,0,0,0,6,3,1,1
0,0,0,0,0,0,0,0,0,0,0,0,0,0,1,0,1,1,2,0
0,0,0,0,0,0,0,0,0,0,0,0,0,0,0,2,1,3,1,0
0,0,0,0,0,0,0,0,0,0,0,0,0,1,2,5,5,7,1,1
2,0,0,0,0,0,0,0,0,0,0,6,13,72,136,53,36,6,0,1
5,0,0,0,0,0,0,0,0,0,0,37,63,25,5,0,5,2,1,1
0,0,0,0,0,0,0,0,0,0,0,0,0,0,0,0,0,1,0,0
0,0,0,0,0,0,0,0,0,0,0,0,4,27,912,38,3,0,0,0
1,0,0,0,0,0,0,0,0,0,0,1,0,3,15,21,34,9,0,1
0,0,0,0,0,0,0,0,0,0,0,0,0,1,4,3,5,12,1,1
0,0,0,0,0,0,0,0,0,0,0,0,0,1,4,8,13,7,0,0
0,0,0,0,0,0,0,0,0,0,0,0,0,0,0,5,13,4,0,0
0,0,0,0,0,0,0,0,0,0,0,0,0,0,0,2,1,1,1,0
0,0,0,0,0,0,0,0,0,0,0,2,5,7,12,28,22,3,0,0
0,0,0,0,0,0,0,0,0,0,0,4,13,65,92,66,17,3,0,0
0,0,0,0,0,0,0,0,0,0,0,0,1,0,0,0,0,1,0,0
0,0,0,0,0,0,0,0,0,0,0,2,9,20,47,19,0,1,1,0
0,0,0,0,0,0,0,0,0,0,0,0,0,0,0,0,3,3,1,0
3,0,0,0,0,0,0,0,0,0,0,18,126,298,139,48,6,2,0,0
0,0,0,0,0,0,0,0,0,0,0,0,0,0,0,0,0,0,2,0
24,0,0,0,0,0,0,0,0,0,0,114,479,1172,912,187,4,0,0,1
2,0,0,0,0,0,0,0,0,0,0,17,42,174,403,248,22,0,0,1
0,0,0,0,0,0,0,0,0,0,0,0,0,0,1,2,5,1,0,0
0,0,0,0,0,0,0,0,0,0,0,0,0,0,0,0,0,0,2,0
0,0,0,0,0,0,0,0,0,0,0,11,48,152,351,248,24,0,0,1
0,0,0,0,0,0,0,0,0,0,0,0,2,0,0,0,0,0,0,0
0,0,0,0,0,0,0,0,0,0,0,0,6,17,45,79,23,0,0,0
7,0,0,0,0,0,0,0,0,0,0,22,85,211,274,138,5,0,0,0
0,0,0,0,0,0,0,0,0,0,0,1,0,0,1,0,0,0,1,1
0,0,0,0,0,0,0,0,0,0,0,0,1,1,5,5,12,7,0,1
16,0,0,0,0,0,0,0,0,0,0,102,605,1159,461,69,0,0,0,0
0,0,0,0,0,0,0,0,0,0,0,0,0,0,0,4,6,5,1,1
0,0,0,0,0,0,0,0,0,0,0,0,2,0,2,1,0,0,0,0
7,0,0,0,0,0,0,0,0,0,0,46,238,675,706,164,21,0,0,1
0,0,0,0,0,0,0,0,0,0,0,0,0,0,1,1,0,1,0,0
0,0,0,0,0,0,0,0,0,0,0,0,1,4,4,2,21,12,0,1
0,0,0,0,0,0,0,0,0,0,0,0,0,1,0,0,0,4,1,1
1,0,0,0,0,0,0,0,0,0,0,11,45,198,341,130,3,0,0,0
20,0,0,0,0,0,0,0,0,0,0,121,600,1471,1314,117,0,0,0,1
0,0,0,0,0,0,0,0,0,0,0,0,0,0,1,0,2,0,1,1
0,0,0,0,0,0,0,0,0,0,0,10,53,117,246,262,23,0,0,1
0,0,0,0,0,0,0,0,0,0,0,2,1,1,6,20,28,7,0,1
0,0,0,0,0,0,0,0,0,0,0,0,1,2,0,1,0,3,0,0
0,0,0,0,0,0,0,0,0,0,0,0,0,0,0,0,0,1,0,0
0,0,0,0,0,0,0,0,0,0,0,0,1,1,4,11,14,4,0,0
1,0,0,0,0,0,0,0,0,0,0,9,42,153,271,132,5,0,0,0
0,0,0,0,0,0,0,0,0,0,0,0,0,0,0,0,0,1,0,0
0,0,0,0,0,0,0,0,0,0,0,0,0,0,1,0,0,0,1,0
0,0,0,0,0,0,0,0,0,0,0,0,0,5,2,4,2,9,0,1
0,0,0,0,0,0,0,0,0,0,0,0,0,0,0,1,1,1,0,0
0,0,0,0,0,0,0,0,0,0,0,0,0,0,1,0,0,0,0,0
14,0,0,0,0,0,0,0,0,0,0,103,505,1240,1232,141,0,0,0,1
2,0,0,0,0,0,0,0,0,0,0,24,87,322,506,115,0,0,0,0
0,0,0,0,0,0,0,0,0,0,0,0,1,1,2,1,1,4,1,1
0,0,0,0,0,0,0,0,0,0,0,0,1,1,17,31,15,4,0,0
0,0,0,0,0,0,0,0,0,0,0,0,0,1,0,1,1,6,1,1
0,0,0,0,0,0,0,0,0,0,0,0,0,0,0,0,0,0,1,0
0,0,0,0,0,0,0,0,0,0,0,1,9,4,2,3,5,11,0,1
0,0,0,0,0,0,0,0,0,0,0,1,14,38,110,118,3,4,0,0
0,0,0,0,0,0,0,0,0,0,0,0,4,12,26,72,57,4,0,1
0,0,0,0,0,0,0,0,0,0,0,0,0,0,1,0,2,5,0,0
2,0,0,0,0,0,0,0,0,0,0,7,64,139,310,171,27,3,0,1
0,0,0,0,0,0,0,0,0,0,0,0,12,32,49,42,2,0,0,0
0,0,0,0,0,0,0,0,0,0,0,2,14,27,37,66,56,5,0,1
0,0,0,0,0,0,0,0,0,0,0,0,0,0,3,6,5,7,0,0
0,0,0,0,0,0,0,0,0,0,0,0,0,0,0,1,1,3,0,0
0,0,0,0,0,0,0,0,0,0,0,0,7,13,37,50,11,6,1,1
1,0,0,0,0,0,0,0,0,0,0,3,9,23,81,117,17,0,0,0
0,0,0,0,0,0,0,0,0,0,0,0,0,0,0,0,1,0,1,0
33,0,0,0,0,0,0,0,0,0,0,245,1123,2198,1259,100,0,0,0,1
2,0,0,0,0,0,0,0,0,0,0,5,37,147,328,281,15,0,0,1
0,0,0,0,0,0,0,0,0,0,0,0,0,2,2,8,8,5,0,0
0,0,0,0,0,0,0,0,0,0,0,0,0,1,1,0,1,2,0,0
0,0,0,0,0,0,0,0,0,0,0,0,0,3,7,5,12,4,0,0
11,0,0,0,0,0,0,0,0,0,0,82,388,1011,753,27,0,0,0,0
0,0,0,0,0,0,0,0,0,0,0,1,5,33,60,45,2,2,0,0
0,0,0,0,0,0,0,0,0,0,0,0,0,0,0,0,0,1,0,1
0,0,0,0,0,0,0,0,0,0,0,0,0,1,0,1,3,0,2,0
0,0,0,0,0,0,0,0,0,0,0,0,0,0,2,6,9,1,0,0
19,0,0,0,0,0,0,0,0,0,0,8,14,41,11,4,11,12,0,1
0,0,0,0,0,0,0,0,0,0,0,0,0,0,0,2,9,11,0,1
191,0,0,0,0,0,0,0,0,0,0,1177,1768,897,458,71,2,0,0,0
0,0,0,0,0,0,0,0,0,0,0,1,9,25,66,111,50,3,0,1
0,0,0,0,0,0,0,0,0,0,0,0,1,2,4,13,12,6,0,0
0,0,0,0,0,0,0,0,0,0,0,0,0,0,0,1,0,0,1,0
0,0,0,0,0,0,0,0,0,0,0,0,2,4,10,26,22,4,1,1
120,0,0,0,0,0,0,0,0,0,0,977,3187,4259,1004,28,5,0,0,1
0,0,0,0,0,0,0,0,0,0,0,0,0,0,0,0,0,0,2,1
303,0,0,0,0,0,0,0,0,0,0,303,224,349,218,43,14,8,0,1
2,0,0,0,0,0,0,0,0,0,0,19,113,302,476,240,18,0,0,1
0,0,0,0,0,0,0,0,0,0,0,0,3,12,15,51,25,1,0,0
0,0,0,0,0,0,0,0,0,0,0,0,3,1,7,20,18,4,0,0
0,0,0,0,0,0,0,0,0,0,0,0,0,0,0,0,0,5,1,1
0,0,0,0,0,0,0,0,0,0,0,57,91,10,14,19,8,0,0,0
3,0,0,0,0,0,0,0,0,0,0,43,100,173,67,54,46,5,0,1
0,0,0,0,0,0,0,0,0,0,0,0,0,2,4,10,7,4,0,0
0,0,0,0,0,0,0,0,0,0,0,1,0,0,0,5,9,11,0,1
54,0,0,0,0,0,0,0,0,0,0,465,2563,3241,911,107,1,0,0,1
0,0,0,0,0,0,0,0,0,0,0,0,3,16,55,102,54,2,0,1
4,0,0,0,0,0,0,0,0,0,0,43,67,91,224,255,32,0,0,1
0,0,0,0,0,0,0,0,0,0,0,0,1,0,0,2,5,4,0,0
0,0,0,0,0,0,0,0,0,0,0,1,0,0,0,0,0,0,1,0
0,0,0,0,0,0,0,0,0,0,0,2,15,35,82,108,65,0,0,1
1,0,0,0,0,0,0,0,0,0,0,13,63,224,391,132,1,0,0,0
0,0,0,0,0,0,0,0,0,0,0,0,0,0,1,0,1,4,1,0
0,0,0,0,0,0,0,0,0,0,0,0,1,0,0,0,0,0,0,0
0,0,0,0,0,0,0,0,0,0,0,0,0,0,0,0,0,2,0,0
18,0,0,0,0,0,0,0,0,0,0,86,355,897,1116,181,0,0,0,1
0,0,0,0,0,0,0,0,0,0,0,0,2,0,0,0,2,1,1,1
0,0,0,0,0,0,0,0,0,0,0,0,0,9,1,1,0,1,1,0
0,0,0,0,0,0,0,0,0,0,0,0,0,1,1,2,3,4,0,0
0,0,0,0,0,0,0,0,0,0,0,0,0,0,0,1,5,7,0,0
0,0,0,0,0,0,0,0,0,0,0,1,0,0,0,1,1,2,1,0
788,0,0,0,0,0,0,0,0,0,0,2013,239,0,0,0,0,0,0,0
1,0,0,0,0,0,0,0,0,0,0,3,18,72,203,241,31,0,0,1
0,0,0,0,0,0,0,0,0,0,0,0,4,6,5,8,9,11,0,1
0,0,0,0,0,0,0,0,0,0,0,0,3,7,14,12,25,3,0,0
0,0,0,0,0,0,0,0,0,0,0,0,1,0,0,0,0,1,0,0
0,0,0,0,0,0,0,0,0,0,0,4,5,14,42,53,12,2,0,0
0,0,0,0,0,0,0,0,0,0,0,1,1,3,1,4,4,4,0,0
0,0,0,0,0,0,0,0,0,0,0,0,0,0,0,0,5,2,1,1
0,0,0,0,0,0,0,0,0,0,0,4,9,22,86,92,7,3,0,0
0,0,0,0,0,0,0,0,0,0,0,0,0,0,0,3,4,2,0,1
597,0,0,0,0,0,0,0,0,0,0,3883,10594,6750,389,2,0,0,0,1
0,0,0,0,0,0,0,0,0,0,0,0,0,0,0,2,3,6,0,1
0,0,0,0,0,0,0,0,0,0,0,2,3,12,18,8,9,3,0,0
0,0,0,0,0,0,0,0,0,0,0,0,0,0,1,0,1,2,1,0
2,0,0,0,0,0,0,0,0,0,0,33,159,483,549,91,0,0,0,0
0,0,0,0,0,0,0,0,0,0,0,0,0,0,0,0,1,0,2,0
0,0,0,0,0,0,0,0,0,0,0,22,2,0,2,2,0,1,0,0
0,0,0,0,0,0,0,0,0,0,0,6,21,76,189,121,13,2,1,1
1,0,0,0,0,0,0,0,0,0,0,10,51,215,472,240,16,0,0,1
3,0,0,0,0,0,0,0,0,0,0,13,81,287,440,118,1,0,0,0
0,0,0,0,0,0,0,0,0,0,0,0,1,1,3,10,6,2,0,0
2,0,0,0,0,0,0,0,0,0,0,21,83,286,433,122,1,0,0,0
0,0,0,0,0,0,0,0,0,0,0,0,0,0,0,0,0,1,0,0
0,0,0,0,0,0,0,0,0,0,0,0,0,0,1,5,8,7,1,1
0,0,0,0,0,0,0,0,0,0,0,0,0,0,0,1,0,2,0,1
0,0,0,0,0,0,0,0,0,0,0,0,1,12,15,18,25,11,0,1
0,0,0,0,0,0,0,0,0,0,0,0,5,29,921,41,3,0,0,0
0,0,0,0,0,0,0,0,0,0,0,0,2,10,17,40,25,3,0,0
0,0,0,0,0,0,0,0,0,0,0,2,8,23,27,31,33,4,0,1
0,0,0,0,0,0,0,0,0,0,0,0,0,1,1,4,19,14,0,1
0,0,0,0,0,0,0,0,0,0,0,0,0,1,0,0,0,0,2,1
0,0,0,0,0,0,0,0,0,0,0,0,0,0,0,0,0,1,2,0
0,0,0,0,0,0,0,0,0,0,0,0,30,39,1,1,2,1,1,1
1,0,0,0,0,0,0,0,0,0,0,1,9,23,56,83,58,0,0,1
0,0,0,0,0,0,0,0,0,0,0,0,0,1,2,0,1,2,2,1
0,0,0,0,0,0,0,0,0,0,0,0,0,0,4,9,7,9,1,1
0,0,0,0,0,0,0,0,0,0,0,0,0,0,1,2,5,5,0,0
0,0,0,0,0,0,0,0,0,0,0,0,0,4,8,30,25,2,0,0
0,0,0,0,0,0,0,0,0,0,0,0,3,3,3,16,8,10,1,1
5,0,0,0,0,0,0,0,0,0,0,23,129,389,466,142,25,2,0,1
0,0,0,0,0,0,0,0,0,0,0,19,111,214,260,45,0,0,0,0
0,0,0,0,0,0,0,0,0,0,0,0,1,0,0,0,0,0,0,1
21,0,0,0,0,0,0,0,0,0,0,153,379,839,652,51,0,0,0,0
0,0,0,0,0,0,0,0,0,0,0,0,0,3,4,15,29,10,0,1
2,0,0,0,0,0,0,0,0,0,0,36,177,521,674,263,5,0,0,1
0,0,0,0,0,0,0,0,0,0,0,0,1,1,2,0,3,1,1,1
0,0,0,0,0,0,0,0,0,0,0,0,5,11,15,41,30,1,0,0
0,0,0,0,0,0,0,0,0,0,0,0,0,0,0,0,1,1,1,0
0,0,0,0,0,0,0,0,0,0,0,5,1,3,14,37,43,7,0,1
0,0,0,0,0,0,0,0,0,0,0,0,0,0,0,0,0,0,0,1
0,0,0,0,0,0,0,0,0,0,0,0,0,0,0,0,2,2,0,0
0,0,0,0,0,0,0,0,0,0,0,0,0,1,1,3,21,10,0,1
0,0,0,0,0,0,0,0,0,0,0,0,0,0,0,0,0,0,1,0
0,0,0,0,0,0,0,0,0,0,0,0,0,0,2,3,8,4,1,0
0,0,0,0,0,0,0,0,0,0,0,0,7,21,53,105,60,0,0,1
0,0,0,0,0,0,0,0,0,0,0,0,2,5,14,39,38,10,0,1
0,0,0,0,0,0,0,0,0,0,0,0,2,9,12,21,24,5,0,0
1,0,0,0,0,0,0,0,0,0,0,3,14,39,88,147,48,1,0,1
0,0,0,0,0,0,0,0,0,0,0,0,0,0,0,0,1,1,0,1
0,0,0,0,0,0,0,0,0,0,0,0,0,0,2,2,5,7,3,1
0,0,0,0,0,0,0,0,0,0,0,5,26,68,140,200,43,0,0,1
0,0,0,0,0,0,0,0,0,0,0,0,0,0,0,1,0,4,2,1
0,0,0,0,0,0,0,0,0,0,0,1,13,35,0,0,2,1,0,1
0,0,0,0,0,0,0,0,0,0,0,0,0,0,0,2,0,1,1,0
0,0,0,0,0,0,0,0,0,0,0,0,0,0,0,0,0,0,1,1
0,0,0,0,0,0,0,0,0,0,0,0,1,0,0,0,4,6,1,1
0,0,0,0,0,0,0,0,0,0,0,0,2,6,9,38,25,3,0,0
0,0,0,0,0,0,0,0,0,0,0,1,2,0,1,1,2,5,1,1
11,0,0,0,0,0,0,0,0,0,0,73,441,1160,1148,170,0,0,0,1
0,0,0,0,0,0,0,0,0,0,0,0,0,0,0,7,2,0,2,0
0,0,0,0,0,0,0,0,0,0,0,0,0,0,0,0,0,1,1,1
0,0,0,0,0,0,0,0,0,0,0,0,0,4,0,10,18,11,0,1
27,0,0,0,0,0,0,0,0,0,0,210,479,982,1173,172,0,0,0,1
39,0,0,0,0,0,0,0,0,0,0,327,920,885,247,72,6,2,0,1
0,0,0,0,0,0,0,0,0,0,0,0,0,0,0,2,4,2,1,0
42,0,0,0,0,0,0,0,0,0,0,344,1312,2131,594,5,0,0,0,0
0,0,0,0,0,0,0,0,0,0,0,0,0,1,3,1,0,0,0,0
0,0,0,0,0,0,0,0,0,0,0,0,0,0,0,1,1,1,2,0
0,0,0,0,0,0,0,0,0,0,0,0,0,0,0,0,0,1,0,0
0,0,0,0,0,0,0,0,0,0,0,0,0,5,6,9,16,4,0,0
0,0,0,0,0,0,0,0,0,0,0,0,3,4,4,2,7,5,0,0
0,0,0,0,0,0,0,0,0,0,0,0,0,3,12,41,32,2,0,0
3936,0,0,0,0,0,0,0,0,0,0,18186,19265,6035,122,0,0,0,0,1
3990,0,0,0,0,0,0,0,0,0,0,21874,27584,4734,11,0,0,0,0,1
0,0,0,0,0,0,0,0,0,0,0,0,0,0,0,1,0,0,0,0
0,0,0,0,0,0,0,0,0,0,0,0,3,7,14,23,28,12,0,1
2,0,0,0,0,0,0,0,0,0,0,8,22,29,4,1,2,1,1,0
0,0,0,0,0,0,0,0,0,0,0,0,1,4,12,21,23,1,0,0
0,0,0,0,0,0,0,0,0,0,0,0,1,2,10,28,34,0,0,0
0,0,0,0,0,0,0,0,0,0,0,0,0,0,0,0,0,0,1,0
7,0,0,0,0,0,0,0,0,0,0,58,239,733,931,112,7,3,0,1
0,0,0,0,0,0,0,0,0,0,0,0,0,0,0,3,4,4,1,1
0,0,0,0,0,0,0,0,0,0,0,0,0,0,0,0,0,2,0,0
0,0,0,0,0,0,0,0,0,0,0,0,0,0,0,0,1,1,0,0
0,0,0,0,0,0,0,0,0,0,0,2,4,12,9,2,5,2,0,0
0,0,0,0,0,0,0,0,0,0,0,0,0,0,0,0,0,2,0,0
0,0,0,0,0,0,0,0,0,0,0,0,0,1,1,0,1,2,2,1
1,0,0,0,0,0,0,0,0,0,0,0,1,12,38,25,15,10,0,1
0,0,0,0,0,0,0,0,0,0,0,0,0,0,0,0,0,0,0,1
1,0,0,0,0,0,0,0,0,0,0,1,4,11,47,82,41,4,0,1
0,0,0,0,0,0,0,0,0,0,0,0,0,0,1,0,4,4,1,1
0,0,0,0,0,0,0,0,0,0,0,0,0,0,0,0,1,0,1,0
0,0,0,0,0,0,0,0,0,0,0,0,1,2,9,10,21,4,0,0
0,0,0,0,0,0,0,0,0,0,0,0,1,0,0,0,0,3,1,1
0,0,0,0,0,0,0,0,0,0,0,0,0,0,0,0,0,0,1,0
0,0,0,0,0,0,0,0,0,0,0,0,0,0,0,0,0,1,0,1
3,0,0,0,0,0,0,0,0,0,0,29,18,20,27,56,12,3,0,0
0,0,0,0,0,0,0,0,0,0,0,0,0,0,0,3,3,3,0,0
0,0,0,0,0,0,0,0,0,0,0,0,0,0,0,0,1,2,1,0
0,0,0,0,0,0,0,0,0,0,0,0,1,0,2,2,8,6,0,0
0,0,0,0,0,0,0,0,0,0,0,0,0,0,0,0,1,2,1,0
0,0,0,0,0,0,0,0,0,0,0,0,0,1,0,4,9,9,1,1
0,0,0,0,0,0,0,0,0,0,0,0,6,17,32,42,36,5,1,1
0,0,0,0,0,0,0,0,0,0,0,0,0,1,1,5,10,7,0,0
0,0,0,0,0,0,0,0,0,0,0,0,0,0,0,0,0,0,0,1
2,0,0,0,0,0,0,0,0,0,0,1,4,7,8,14,26,4,0,0
0,0,0,0,0,0,0,0,0,0,0,1,4,20,83,84,22,1,0,1
0,0,0,0,0,0,0,0,0,0,0,0,1,1,0,1,0,2,2,1
0,0,0,0,0,0,0,0,0,0,0,0,19,33,63,70,23,1,0,0
7,0,0,0,0,0,0,0,0,0,0,250,20,0,0,0,0,1,0,0
0,0,0,0,0,0,0,0,0,0,0,0,1,0,0,1,1,5,0,0
0,0,0,0,0,0,0,0,0,0,0,0,2,0,0,4,11,6,0,0
0,0,0,0,0,0,0,0,0,0,0,1,6,42,51,62,23,2,0,0
0,0,0,0,0,0,0,0,0,0,0,0,0,0,1,1,4,5,1,1
0,0,0,0,0,0,0,0,0,0,0,2,1,0,1,0,0,1,0,0
0,0,0,0,0,0,0,0,0,0,0,4,7,4,1,0,0,0,0,0
0,0,0,0,0,0,0,0,0,0,0,0,0,0,0,0,1,1,1,0
0,0,0,0,0,0,0,0,0,0,0,2,7,21,52,58,18,7,0,1
0,0,0,0,0,0,0,0,0,0,0,0,0,6,3,10,21,4,0,0
0,0,0,0,0,0,0,0,0,0,0,2,2,1,1,10,14,6,1,1
0,0,0,0,0,0,0,0,0,0,0,0,0,0,0,0,0,0,1,0
0,0,0,0,0,0,0,0,0,0,0,1,0,0,0,1,2,6,0,0
0,0,0,0,0,0,0,0,0,0,0,0,1,0,0,0,0,4,1,0
2,0,0,0,0,0,0,0,0,0,0,6,31,96,169,109,14,0,0,0
0,0,0,0,0,0,0,0,0,0,0,0,0,1,3,5,0,0,0,0
0,0,0,0,0,0,0,0,0,0,0,0,0,0,0,2,4,3,1,0
0,0,0,0,0,0,0,0,0,0,0,5,13,37,156,107,16,0,0,0
0,0,0,0,0,0,0,0,0,0,0,0,0,0,1,0,2,6,0,1
442,0,0,0,0,0,0,0,0,0,0,2904,8726,7253,395,0,0,0,0,1
0,0,0,0,0,0,0,0,0,0,0,0,0,0,0,3,7,5,0,0
0,0,0,0,0,0,0,0,0,0,0,0,0,5,12,30,22,3,0,0
2,0,0,0,0,0,0,0,0,0,0,29,155,382,417,118,0,0,0,0
0,0,0,0,0,0,0,0,0,0,0,0,0,0,0,0,0,2,1,0
0,0,0,0,0,0,0,0,0,0,0,0,1,4,12,22,27,10,0,1
0,0,0,0,0,0,0,0,0,0,0,0,0,0,0,0,0,0,1,0
0,0,0,0,0,0,0,0,0,0,0,0,0,0,0,0,1,0,0,1
0,0,0,0,0,0,0,0,0,0,0,0,1,0,1,1,1,2,2,0
0,0,0,0,0,0,0,0,0,0,0,0,1,5,6,3,5,6,1,1
0,0,0,0,0,0,0,0,0,0,0,0,3,14,30,54,26,0,0,0
0,0,0,0,0,0,0,0,0,0,0,0,1,1,1,7,7,12,0,1
0,0,0,0,0,0,0,0,0,0,0,0,1,2,6,16,34,7,0,1
0,0,0,0,0,0,0,0,0,0,0,0,0,1,0,0,0,0,0,0
0,0,0,0,0,0,0,0,0,0,0,0,0,0,2,5,12,1,0,0
96,0,0,0,0,0,0,0,0,0,0,21,5,24,1,0,2,1,0,0
0,0,0,0,0,0,0,0,0,0,0,2,1,8,5,0,1,1,1,1
0,0,0,0,0,0,0,0,0,0,0,0,0,1,0,1,5,4,0,0
10,0,0,0,0,0,0,0,0,0,0,84,339,845,1039,180,1,0,0,1
5,0,0,0,0,0,0,0,0,0,0,2,0,0,0,0,0,3,3,1
0,0,0,0,0,0,0,0,0,0,0,0,0,2,5,16,26,7,0,1
0,0,0,0,0,0,0,0,0,0,0,0,8,23,60,87,52,3,0,1
0,0,0,0,0,0,0,0,0,0,0,0,1,0,0,0,0,3,0,1
0,0,0,0,0,0,0,0,0,0,0,0,0,0,0,1,3,3,1,1
1,0,0,0,0,0,0,0,0,0,0,6,33,89,243,231,33,0,0,1
0,0,0,0,0,0,0,0,0,0,0,0,0,0,1,0,4,3,1,1
0,0,0,0,0,0,0,0,0,0,0,0,0,0,3,4,0,0,1,1
0,0,0,0,0,0,0,0,0,0,0,1,2,6,7,22,20,6,0,1
0,0,0,0,0,0,0,0,0,0,0,0,1,8,12,32,27,4,0,0
0,0,0,0,0,0,0,0,0,0,0,0,0,2,3,12,7,5,0,0
0,0,0,0,0,0,0,0,0,0,0,0,0,7,6,12,20,4,0,0
0,0,0,0,0,0,0,0,0,0,0,0,0,0,1,1,4,2,1,0
0,0,0,0,0,0,0,0,0,0,0,0,0,1,0,0,1,2,3,1
0,0,0,0,0,0,0,0,0,0,0,7,55,157,318,108,8,0,0,0
0,0,0,0,0,0,0,0,0,0,0,0,0,0,1,1,0,6,2,1
7,0,0,0,0,0,0,0,0,0,0,116,457,1229,1217,156,0,0,0,1
0,0,0,0,0,0,0,0,0,0,0,0,0,0,0,0,1,4,2,1
19,0,0,0,0,0,0,0,0,0,0,188,742,1647,1358,100,0,0,0,1
226,0,0,0,0,0,0,0,0,0,0,1762,5287,5971,784,6,0,0,0,1
55,0,0,0,0,0,0,0,0,0,0,467,734,36,6,2,5,3,0,0
0,0,0,0,0,0,0,0,0,0,0,1,0,4,12,27,36,8,0,1
17,0,0,0,0,0,0,0,0,0,0,106,576,1445,1282,129,0,0,0,1
0,0,0,0,0,0,0,0,0,0,0,0,0,0,0,1,3,4,1,0
1,0,0,0,0,0,0,0,0,0,0,4,42,120,221,230,32,0,0,1
0,0,0,0,0,0,0,0,0,0,0,0,0,0,0,0,0,1,0,0
0,0,0,0,0,0,0,0,0,0,0,0,0,0,0,0,0,0,1,0
13,0,0,0,0,0,0,0,0,0,0,117,526,1469,1317,112,1,0,0,1
0,0,0,0,0,0,0,0,0,0,0,0,18,6,7,16,9,6,0,0
16,0,0,0,0,0,0,0,0,0,0,95,374,1114,1195,156,0,0,0,1
0,0,0,0,0,0,0,0,0,0,0,0,0,0,0,0,0,0,0,1
3,0,0,0,0,0,0,0,0,0,0,19,25,12,3,0,0,1,0,0
0,0,0,0,0,0,0,0,0,0,0,0,0,1,0,1,0,4,0,1
0,0,0,0,0,0,0,0,0,0,0,0,0,0,1,6,8,4,0,0
0,0,0,0,0,0,0,0,0,0,0,1,0,0,0,0,0,0,3,1
0,0,0,0,0,0,0,0,0,0,0,0,0,0,2,2,14,9,1,1
730,0,0,0,0,0,0,0,0,0,0,4114,9623,6665,469,0,0,0,0,1
0,0,0,0,0,0,0,0,0,0,0,0,0,0,1,0,1,0,0,0
0,0,0,0,0,0,0,0,0,0,0,0,5,22,39,69,27,0,0,0
0,0,0,0,0,0,0,0,0,0,0,0,29,5,2,2,3,8,1,1
1,0,0,0,0,0,0,0,0,0,0,0,0,0,2,7,5,6,0,0
0,0,0,0,0,0,0,0,0,0,0,0,0,0,0,1,3,3,1,1
0,0,0,0,0,0,0,0,0,0,0,0,0,2,2,1,0,2,3,1
6,0,0,0,0,0,0,0,0,0,0,60,156,93,9,2,1,0,1,0
1,0,0,0,0,0,0,0,0,0,0,11,49,233,367,127,0,0,0,0
433,0,0,0,0,0,0,0,0,0,0,3038,8396,6408,546,3,0,0,0,1
32,0,0,0,0,0,0,0,0,0,0,199,389,530,607,78,0,0,0,0
5,0,0,0,0,0,0,0,0,0,0,44,221,482,499,97,0,0,0,0
0,0,0,0,0,0,0,0,0,0,0,0,0,0,1,0,3,5,1,0
0,0,0,0,0,0,0,0,0,0,0,0,0,1,0,0,2,3,1,1
5,0,0,0,0,0,0,0,0,0,0,95,384,1044,1120,181,0,0,0,1
0,0,0,0,0,0,0,0,0,0,0,0,0,0,2,2,11,5,0,0
0,0,0,0,0,0,0,0,0,0,0,0,0,2,2,4,20,9,0,1
0,0,0,0,0,0,0,0,0,0,0,0,1,0,0,4,2,5,1,0
187,0,0,0,0,0,0,0,0,0,0,1515,4209,3884,919,60,0,0,0,1
1,0,0,0,0,0,0,0,0,0,0,1,0,0,1,0,0,4,0,0
0,0,0,0,0,0,0,0,0,0,0,2,4,10,32,9,2,2,1,0
0,0,0,0,0,0,0,0,0,0,0,0,0,1,0,0,0,0,0,0
0,0,0,0,0,0,0,0,0,0,0,0,1,2,3,3,11,6,0,0
0,0,0,0,0,0,0,0,0,0,0,0,0,1,2,0,3,4,0,0
0,0,0,0,0,0,0,0,0,0,0,1,3,22,53,51,27,1,0,0
0,0,0,0,0,0,0,0,0,0,0,0,2,0,0,1,0,1,0,1
0,0,0,0,0,0,0,0,0,0,0,0,0,1,0,0,0,3,1,1
0,0,0,0,0,0,0,0,0,0,0,0,0,0,0,0,0,5,1,0
0,0,0,0,0,0,0,0,0,0,0,0,0,0,0,0,0,0,1,0
0,0,0,0,0,0,0,0,0,0,0,2,4,31,77,140,52,0,0,1
0,0,0,0,0,0,0,0,0,0,0,0,0,0,0,1,0,2,0,0
12,0,0,0,0,0,0,0,0,0,0,177,622,1689,1396,91,0,0,0,1
0,0,0,0,0,0,0,0,0,0,0,0,0,0,0,2,2,1,0,1
0,0,0,0,0,0,0,0,0,0,0,1,5,10,22,26,17,8,0,1
6,0,0,0,0,0,0,0,0,0,0,357,82,1,0,0,0,1,1,0
0,0,0,0,0,0,0,0,0,0,0,1,0,1,2,2,2,9,0,1
1,0,0,0,0,0,0,0,0,0,0,19,64,264,553,286,4,0,0,1
0,0,0,0,0,0,0,0,0,0,0,0,0,0,0,0,0,1,2,1
40,0,0,0,0,0,0,0,0,0,0,94,290,54,0,1,1,2,1,0
0,0,0,0,0,0,0,0,0,0,0,0,0,0,0,0,0,1,0,0
0,0,0,0,0,0,0,0,0,0,0,0,0,2,0,3,7,8,1,1
0,0,0,0,0,0,0,0,0,0,0,0,0,2,1,5,18,3,0,0
1,0,0,0,0,0,0,0,0,0,0,0,1,0,1,4,3,9,0,1
0,0,0,0,0,0,0,0,0,0,0,4,7,80,100,90,25,7,0,1
0,0,0,0,0,0,0,0,0,0,0,0,0,0,0,4,8,6,0,0
1,0,0,0,0,0,0,0,0,0,0,16,22,76,177,194,44,0,0,1
0,0,0,0,0,0,0,0,0,0,0,0,0,0,0,0,0,0,1,0
0,0,0,0,0,0,0,0,0,0,0,0,0,12,13,30,31,10,0,1
0,0,0,0,0,0,0,0,0,0,0,0,2,0,1,7,12,12,0,1
0,0,0,0,0,0,0,0,0,0,0,0,0,0,0,0,0,1,1,0
0,0,0,0,0,0,0,0,0,0,0,0,0,0,0,0,0,0,1,0
0,0,0,0,0,0,0,0,0,0,0,0,0,0,0,0,0,1,0,0
803,0,0,0,0,0,0,0,0,0,0,1773,985,403,2,0,1,6,1,1
2,0,0,0,0,0,0,0,0,0,0,4,132,393,218,26,3,5,0,0
0,0,0,0,0,0,0,0,0,0,0,0,0,2,6,8,12,7,0,1
0,0,0,0,0,0,0,0,0,0,0,2,6,5,6,13,21,5,0,1
4,0,0,0,0,0,0,0,0,0,0,40,149,468,677,65,0,0,0,0
1,0,0,0,0,0,0,0,0,0,0,2,8,28,72,125,54,0,0,1
0,0,0,0,0,0,0,0,0,0,0,1,0,1,2,4,4,4,0,0
0,0,0,0,0,0,0,0,0,0,0,0,1,2,4,19,11,6,0,0
0,0,0,0,0,0,0,0,0,0,0,3,16,53,153,129,17,0,1,1
0,0,0,0,0,0,0,0,0,0,0,3,13,26,87,125,55,1,0,1
2,0,0,0,0,0,0,0,0,0,0,3,16,91,256,246,26,0,0,1
0,0,0,0,0,0,0,0,0,0,0,0,1,1,1,1,1,3,1,0
0,0,0,0,0,0,0,0,0,0,0,0,0,0,0,0,0,0,1,0
1,0,0,0,0,0,0,0,0,0,0,12,49,131,50,37,16,3,0,0
0,0,0,0,0,0,0,0,0,0,0,0,0,0,0,2,2,0,0,1
3,0,0,0,0,0,0,0,0,0,0,166,7,0,0,0,0,0,0,0
1,0,0,0,0,0,0,0,0,0,0,7,20,52,51,27,8,0,0,0
10,0,0,0,0,0,0,0,0,0,0,84,341,1007,1125,190,0,0,0,1
0,0,0,0,0,0,0,0,0,0,0,0,0,0,0,0,1,0,2,0
0,0,0,0,0,0,0,0,0,0,0,0,0,2,3,1,5,7,2,1
0,0,0,0,0,0,0,0,0,0,0,0,0,1,0,1,10,6,0,0
0,0,0,0,0,0,0,0,0,0,0,0,0,0,0,0,0,1,0,0
0,0,0,0,0,0,0,0,0,0,0,4,204,9,0,0,0,0,0,0
0,0,0,0,0,0,0,0,0,0,0,0,0,0,0,0,0,3,1,0
0,0,0,0,0,0,0,0,0,0,0,2,11,18,23,23,23,6,0,1
0,0,0,0,0,0,0,0,0,0,0,0,0,0,0,2,0,0,0,0
0,0,0,0,0,0,0,0,0,0,0,0,0,0,1,0,0,0,0,0
0,0,0,0,0,0,0,0,0,0,0,0,0,0,0,0,0,1,1,0
2,0,0,0,0,0,0,0,0,0,0,25,184,459,715,251,7,0,0,1
0,0,0,0,0,0,0,0,0,0,0,0,0,0,0,0,0,0,1,0
0,0,0,0,0,0,0,0,0,0,0,0,1,9,13,31,25,11,0,1
0,0,0,0,0,0,0,0,0,0,0,0,0,1,0,0,2,3,1,1
1,0,0,0,0,0,0,0,0,0,0,4,15,36,109,120,45,3,0,1
0,0,0,0,0,0,0,0,0,0,0,0,0,0,0,0,1,3,1,0
41,0,0,0,0,0,0,0,0,0,0,281,1053,1890,620,9,0,0,0,0
0,0,0,0,0,0,0,0,0,0,0,4,9,28,50,107,50,2,0,1
0,0,0,0,0,0,0,0,0,0,0,0,0,0,0,0,0,1,0,0
65,0,0,0,0,0,0,0,0,0,0,503,1555,2340,543,6,0,0,0,0
0,0,0,0,0,0,0,0,0,0,0,0,1,1,4,8,23,11,0,1
0,0,0,0,0,0,0,0,0,0,0,0,0,0,1,0,0,4,1,0
0,0,0,0,0,0,0,0,0,0,0,0,0,0,0,0,0,1,0,0
0,0,0,0,0,0,0,0,0,0,0,0,1,0,0,0,2,4,2,1
0,0,0,0,0,0,0,0,0,0,0,0,0,0,1,0,0,1,0,1
0,0,0,0,0,0,0,0,0,0,0,1,0,0,1,2,5,6,0,0
3,0,0,0,0,0,0,0,0,0,0,35,137,535,859,237,2,0,0,1
0,0,0,0,0,0,0,0,0,0,0,0,2,2,15,25,35,10,0,1
0,0,0,0,0,0,0,0,0,0,0,0,1,1,0,0,0,1,0,0
0,0,0,0,0,0,0,0,0,0,0,0,6,36,84,89,17,1,0,0
44,0,0,0,0,0,0,0,0,0,0,309,1231,2528,1361,58,0,0,0,1
0,0,0,0,0,0,0,0,0,0,0,0,1,0,2,4,12,7,0,0
0,0,0,0,0,0,0,0,0,0,0,0,0,0,0,0,1,0,0,0
0,0,0,0,0,0,0,0,0,0,0,0,0,2,1,2,3,8,0,0
0,0,0,0,0,0,0,0,0,0,0,0,0,1,0,3,8,3,1,0
0,0,0,0,0,0,0,0,0,0,0,0,0,0,2,4,13,11,0,1
0,0,0,0,0,0,0,0,0,0,0,0,0,1,0,1,0,2,1,0
0,0,0,0,0,0,0,0,0,0,0,0,5,8,13,6,1,6,0,0
1,0,0,0,0,0,0,0,0,0,0,0,9,37,56,91,24,0,0,0
0,0,0,0,0,0,0,0,0,0,0,0,0,0,0,0,0,1,0,0
437,0,0,0,0,0,0,0,0,0,0,3033,8818,7166,388,0,0,0,0,1
0,0,0,0,0,0,0,0,0,0,0,0,1,0,0,1,0,0,0,0
0,0,0,0,0,0,0,0,0,0,0,0,0,0,0,0,0,0,1,0
0,0,0,0,0,0,0,0,0,0,0,0,0,3,5,1,9,7,0,0
1,0,0,0,0,0,0,0,0,0,0,1,5,7,55,121,61,0,0,1
0,0,0,0,0,0,0,0,0,0,0,0,0,0,0,0,1,2,0,1
0,0,0,0,0,0,0,0,0,0,0,0,0,0,0,0,1,0,2,0
0,0,0,0,0,0,0,0,0,0,0,3,19,27,64,86,24,1,0,0
0,0,0,0,0,0,0,0,0,0,0,0,0,0,4,0,2,5,0,0
8,0,0,0,0,0,0,0,0,0,0,40,217,572,578,86,0,0,0,0
0,0,0,0,0,0,0,0,0,0,0,0,0,1,3,11,21,5,0,0
0,0,0,0,0,0,0,0,0,0,0,0,0,1,1,0,0,1,0,0
13,0,0,0,0,0,0,0,0,0,0,128,559,1469,1217,137,1,0,0,1
7,0,0,0,0,0,0,0,0,0,0,37,233,504,616,73,0,0,0,0
0,0,0,0,0,0,0,0,0,0,0,0,0,1,1,0,0,1,1,0
0,0,0,0,0,0,0,0,0,0,0,1,8,26,70,124,35,5,0,1
0,0,0,0,0,0,0,0,0,0,0,4,35,125,294,265,18,1,0,1
0,0,0,0,0,0,0,0,0,0,0,1,9,5,19,56,39,4,1,1
1,0,0,0,0,0,0,0,0,0,0,11,12,36,79,116,34,7,0,1
0,0,0,0,0,0,0,0,0,0,0,0,0,0,0,0,0,0,2,0
0,0,0,0,0,0,0,0,0,0,0,0,0,0,0,0,2,3,0,0
0,0,0,0,0,0,0,0,0,0,0,0,0,0,0,0,0,2,0,0
0,0,0,0,0,0,0,0,0,0,0,5,14,31,8,2,3,3,1,0
1,0,0,0,0,0,0,0,0,0,0,1,2,7,5,16,15,5,2,1
1,0,0,0,0,0,0,0,0,0,0,3,33,93,172,109,15,0,0,0
2,0,0,0,0,0,0,0,0,0,0,2,11,28,56,93,51,5,0,1
0,0,0,0,0,0,0,0,0,0,0,0,0,0,0,0,3,2,1,0
0,0,0,0,0,0,0,0,0,0,0,0,0,0,0,0,0,0,1,0
0,0,0,0,0,0,0,0,0,0,0,0,0,0,0,0,0,1,1,1
219,0,0,0,0,0,0,0,0,0,0,713,55,1344,4,2,2,1,0,0
0,0,0,0,0,0,0,0,0,0,0,0,4,4,10,18,32,2,0,0
0,0,0,0,0,0,0,0,0,0,0,0,0,0,1,0,1,1,1,1
0,0,0,0,0,0,0,0,0,0,0,0,0,0,1,1,3,2,1,0
10,0,0,0,0,0,0,0,0,0,0,58,276,572,481,105,0,0,0,0
13,0,0,0,0,0,0,0,0,0,0,448,49,1,0,0,0,1,1,0
0,0,0,0,0,0,0,0,0,0,0,0,0,1,4,15,25,2,0,0
0,0,0,0,0,0,0,0,0,0,0,0,0,2,1,2,2,4,1,1
0,0,0,0,0,0,0,0,0,0,0,0,0,0,1,3,2,4,1,0
5,0,0,0,0,0,0,0,0,0,0,43,154,140,342,128,7,0,0,0
0,0,0,0,0,0,0,0,0,0,0,0,0,2,2,13,20,6,0,1
0,0,0,0,0,0,0,0,0,0,0,0,2,1,5,24,32,11,0,1
0,0,0,0,0,0,0,0,0,0,0,0,0,0,1,0,0,0,0,1
18,0,0,0,0,0,0,0,0,0,0,125,831,1498,1225,115,0,0,0,1
0,0,0,0,0,0,0,0,0,0,0,0,0,0,0,1,0,2,2,0
1,0,0,0,0,0,0,0,0,0,0,3,5,29,91,138,30,5,0,1
0,0,0,0,0,0,0,0,0,0,0,0,0,0,1,2,0,0,0,0
0,0,0,0,0,0,0,0,0,0,0,1,2,18,43,66,41,2,0,1
0,0,0,0,0,0,0,0,0,0,0,0,0,0,1,3,4,3,1,0
17,0,0,0,0,0,0,0,0,0,0,94,444,1047,697,36,0,0,0,0
0,0,0,0,0,0,0,0,0,0,0,0,0,0,0,2,1,2,2,1
0,0,0,0,0,0,0,0,0,0,0,0,0,2,1,5,2,0,1,0
0,0,0,0,0,0,0,0,0,0,0,0,0,0,0,0,1,1,1,1
0,0,0,0,0,0,0,0,0,0,0,0,4,21,51,52,28,6,0,1
0,0,0,0,0,0,0,0,0,0,0,0,0,0,0,0,1,1,1,1
0,0,0,0,0,0,0,0,0,0,0,1,0,0,0,0,0,0,1,1
8759,0,0,0,0,0,0,0,0,0,0,31850,19737,5581,98,0,0,0,0,1
1,0,0,0,0,0,0,0,0,0,0,10,81,261,533,287,8,0,0,1
0,0,0,0,0,0,0,0,0,0,0,0,3,5,11,34,45,8,0,1
0,0,0,0,0,0,0,0,0,0,0,0,2,0,3,10,17,6,0,1
0,0,0,0,0,0,0,0,0,0,0,7,21,105,205,179,32,2,0,1
1128,0,0,0,0,0,0,0,0,0,0,6456,9192,2936,107,0,0,0,0,0
0,0,0,0,0,0,0,0,0,0,0,2,10,34,74,106,51,3,0,1
0,0,0,0,0,0,0,0,0,0,0,0,2,2,1,1,0,0,0,0
0,0,0,0,0,0,0,0,0,0,0,0,2,3,15,29,26,10,0,1
0,0,0,0,0,0,0,0,0,0,0,1,17,52,182,244,32,0,0,1
3,0,0,0,0,0,0,0,0,0,0,27,64,195,343,127,3,0,0,0
2,0,0,0,0,0,0,0,0,0,0,9,32,148,292,145,9,1,2,1
0,0,0,0,0,0,0,0,0,0,0,0,0,0,0,0,0,1,0,0
1,0,0,0,0,0,0,0,0,0,0,0,3,17,46,99,56,2,0,1
0,0,0,0,0,0,0,0,0,0,0,0,0,4,1,6,5,5,0,0
0,0,0,0,0,0,0,0,0,0,0,3,12,47,99,118,14,0,0,0
0,0,0,0,0,0,0,0,0,0,0,0,0,0,0,0,3,2,1,0
0,0,0,0,0,0,0,0,0,0,0,0,0,0,0,1,0,0,1,0
0,0,0,0,0,0,0,0,0,0,0,0,0,0,2,6,7,4,2,1
0,0,0,0,0,0,0,0,0,0,0,0,13,161,39,12,12,3,0,0
0,0,0,0,0,0,0,0,0,0,0,0,0,0,0,0,0,1,1,0
0,0,0,0,0,0,0,0,0,0,0,0,0,0,0,0,0,0,0,1
5,0,0,0,0,0,0,0,0,0,0,20,128,437,584,85,0,0,0,0
0,0,0,0,0,0,0,0,0,0,0,0,0,0,3,9,11,2,0,0
0,0,0,0,0,0,0,0,0,0,0,0,3,3,7,12,29,9,0,1
0,0,0,0,0,0,0,0,0,0,0,0,0,2,1,0,1,1,1,1
6,0,0,0,0,0,0,0,0,0,0,39,168,528,951,220,3,0,0,1
0,0,0,0,0,0,0,0,0,0,0,0,0,1,0,3,2,3,0,0
1,0,0,0,0,0,0,0,0,0,0,0,0,8,22,38,19,2,0,0
0,0,0,0,0,0,0,0,0,0,0,0,0,0,0,2,2,4,0,0
0,0,0,0,0,0,0,0,0,0,0,0,0,0,0,0,0,2,0,0
0,0,0,0,0,0,0,0,0,0,0,0,5,3,10,21,22,5,0,0
0,0,0,0,0,0,0,0,0,0,0,1,0,0,0,2,0,1,2,0
0,0,0,0,0,0,0,0,0,0,0,0,2,4,10,25,24,8,0,1
1,0,0,0,0,0,0,0,0,0,0,10,33,119,153,56,13,7,1,1
1940,0,0,0,0,0,0,0,0,0,0,10988,13899,2300,18,0,0,0,0,0
0,0,0,0,0,0,0,0,0,0,0,0,0,4,3,8,26,11,0,1
0,0,0,0,0,0,0,0,0,0,0,0,0,0,0,0,1,2,1,0
0,0,0,0,0,0,0,0,0,0,0,0,0,0,0,2,0,0,0,0
1,0,0,0,0,0,0,0,0,0,0,48,67,200,446,208,19,2,0,1
1027,0,0,0,0,0,0,0,0,0,0,5917,9816,3182,45,0,0,0,0,0
0,0,0,0,0,0,0,0,0,0,0,0,2,1,1,1,3,3,1,0
0,0,0,0,0,0,0,0,0,0,0,0,1,3,6,5,2,7,0,1
0,0,0,0,0,0,0,0,0,0,0,0,3,4,10,23,25,2,0,0
0,0,0,0,0,0,0,0,0,0,0,0,0,0,0,0,1,2,1,1
0,0,0,0,0,0,0,0,0,0,0,0,1,7,42,76,56,3,0,1
1,0,0,0,0,0,0,0,0,0,0,1,12,45,84,95,18,0,0,0
0,0,0,0,0,0,0,0,0,0,0,0,2,3,2,1,4,10,1,1
0,0,0,0,0,0,0,0,0,0,0,0,0,0,0,0,0,0,1,1
0,0,0,0,0,0,0,0,0,0,0,0,0,0,1,1,6,5,0,0
0,0,0,0,0,0,0,0,0,0,0,0,0,0,0,0,0,1,2,0
0,0,0,0,0,0,0,0,0,0,0,0,1,0,0,2,2,3,0,0
0,0,0,0,0,0,0,0,0,0,0,2,0,0,2,6,7,3,0,0
0,0,0,0,0,0,0,0,0,0,0,0,1,0,0,0,0,0,0,0
0,0,0,0,0,0,0,0,0,0,0,0,0,7,2,0,1,1,1,0
0,0,0,0,0,0,0,0,0,0,0,1,0,4,13,32,30,1,0,0
1,0,0,0,0,0,0,0,0,0,0,2,17,37,121,132,47,1,0,1
0,0,0,0,0,0,0,0,0,0,0,0,1,0,6,13,3,0,1,0
22,0,0,0,0,0,0,0,0,0,0,110,431,653,241,86,39,5,0,1
0,0,0,0,0,0,0,0,0,0,0,0,0,0,0,0,0,0,1,0
0,0,0,0,0,0,0,0,0,0,0,0,0,2,6,15,16,5,0,0
0,0,0,0,0,0,0,0,0,0,0,0,0,0,0,0,0,0,0,1
0,0,0,0,0,0,0,0,0,0,0,0,1,5,0,2,1,2,1,0
1,0,0,0,0,0,0,0,0,0,0,2,10,24,42,24,14,4,0,0
0,0,0,0,0,0,0,0,0,0,0,0,0,0,2,2,10,13,0,1
163,0,0,0,0,0,0,0,0,0,0,111,127,444,264,93,24,6,0,1
0,0,0,0,0,0,0,0,0,0,0,0,0,0,0,0,0,1,0,1
0,0,0,0,0,0,0,0,0,0,0,2,18,18,42,95,59,3,0,1
0,0,0,0,0,0,0,0,0,0,0,0,0,0,4,22,33,8,0,1
0,0,0,0,0,0,0,0,0,0,0,1,7,10,6,8,5,5,0,0
0,0,0,0,0,0,0,0,0,0,0,0,0,0,0,0,1,0,1,1
1,0,0,0,0,0,0,0,0,0,0,0,1,2,1,5,10,11,1,1
0,0,0,0,0,0,0,0,0,0,0,0,0,1,2,0,3,0,1,0
0,0,0,0,0,0,0,0,0,0,0,0,0,1,1,0,0,0,0,0
0,0,0,0,0,0,0,0,0,0,0,0,0,1,1,1,3,2,0,1
0,0,0,0,0,0,0,0,0,0,0,0,0,0,0,0,0,0,1,0
0,0,0,0,0,0,0,0,0,0,0,0,7,21,29,62,26,0,0,0
0,0,0,0,0,0,0,0,0,0,0,1,9,11,33,90,22,1,0,0
0,0,0,0,0,0,0,0,0,0,0,3,28,120,116,71,21,1,0,0
0,0,0,0,0,0,0,0,0,0,0,3,7,37,88,114,14,0,0,0
0,0,0,0,0,0,0,0,0,0,0,1,3,4,10,31,28,2,0,0
0,0,0,0,0,0,0,0,0,0,0,0,1,0,2,0,9,8,1,1
0,0,0,0,0,0,0,0,0,0,0,0,0,1,2,17,20,11,0,1
0,0,0,0,0,0,0,0,0,0,0,0,0,0,0,0,0,2,0,1
0,0,0,0,0,0,0,0,0,0,0,0,0,1,0,1,1,7,0,1
0,0,0,0,0,0,0,0,0,0,0,0,0,0,1,0,1,3,1,1
0,0,0,0,0,0,0,0,0,0,0,0,0,1,4,10,23,9,1,1
2,0,0,0,0,0,0,0,0,0,0,1,0,2,1,0,0,0,2,0
1,0,0,0,0,0,0,0,0,0,0,34,163,518,451,88,4,0,0,0
2,0,0,0,0,0,0,0,0,0,0,8,31,128,222,157,1,0,0,0
0,0,0,0,0,0,0,0,0,0,0,3,0,6,4,7,8,6,0,0
0,0,0,0,0,0,0,0,0,0,0,1,0,0,3,4,11,11,0,1
0,0,0,0,0,0,0,0,0,0,0,0,0,0,0,0,0,1,0,0
0,0,0,0,0,0,0,0,0,0,0,0,0,0,0,0,3,5,3,1
0,0,0,0,0,0,0,0,0,0,0,0,0,0,0,0,2,0,1,1
195,0,0,0,0,0,0,0,0,0,0,1140,2290,2186,537,6,0,0,0,0
0,0,0,0,0,0,0,0,0,0,0,0,0,0,0,0,0,4,0,0
0,0,0,0,0,0,0,0,0,0,0,0,0,0,0,1,0,0,1,0
0,0,0,0,0,0,0,0,0,0,0,0,0,1,1,0,0,0,0,0
0,0,0,0,0,0,0,0,0,0,0,0,0,0,2,0,1,0,1,0
0,0,0,0,0,0,0,0,0,0,0,0,2,1,9,14,18,10,1,1
0,0,0,0,0,0,0,0,0,0,0,0,0,1,0,1,3,3,0,0
0,0,0,0,0,0,0,0,0,0,0,0,2,5,17,35,45,8,0,1
1,0,0,0,0,0,0,0,0,0,0,2,36,133,275,254,21,0,0,1
46,0,0,0,0,0,0,0,0,0,0,326,1273,2137,629,3,0,0,0,0
0,0,0,0,0,0,0,0,0,0,0,0,0,1,1,0,3,1,1,1
0,0,0,0,0,0,0,0,0,0,0,0,0,0,0,0,0,1,0,0
394,0,0,0,0,0,0,0,0,0,0,2206,6582,5738,802,3,0,0,0,1
0,0,0,0,0,0,0,0,0,0,0,0,0,1,0,0,0,0,0,0
0,0,0,0,0,0,0,0,0,0,0,0,0,0,0,0,1,0,1,0
0,0,0,0,0,0,0,0,0,0,0,0,0,0,0,0,1,0,0,0
18,0,0,0,0,0,0,0,0,0,0,219,871,2180,1482,49,0,0,0,1
0,0,0,0,0,0,0,0,0,0,0,0,1,2,6,15,17,4,0,0
0,0,0,0,0,0,0,0,0,0,0,1,0,0,0,4,3,1,0,0
0,0,0,0,0,0,0,0,0,0,0,1,2,4,5,7,19,4,0,0
0,0,0,0,0,0,0,0,0,0,0,2,10,46,88,89,17,1,0,0
0,0,0,0,0,0,0,0,0,0,0,1,11,6,7,13,19,5,0,0
0,0,0,0,0,0,0,0,0,0,0,0,0,0,1,0,0,0,0,0
0,0,0,0,0,0,0,0,0,0,0,0,0,1,1,1,3,5,1,0
1,0,0,0,0,0,0,0,0,0,0,1,6,44,66,131,61,0,0,1
80,0,0,0,0,0,0,0,0,0,0,716,2275,3703,1261,27,0,0,0,1
0,0,0,0,0,0,0,0,0,0,0,2,0,5,30,39,26,8,1,1
0,0,0,0,0,0,0,0,0,0,0,2,1,3,7,40,25,9,0,1
0,0,0,0,0,0,0,0,0,0,0,4,30,77,196,264,29,0,0,1
0,0,0,0,0,0,0,0,0,0,0,15,101,287,544,265,10,0,0,1
1,0,0,0,0,0,0,0,0,0,0,13,60,209,463,286,13,0,0,1
2,0,0,0,0,0,0,0,0,0,0,4,30,113,204,148,10,3,1,1
0,0,0,0,0,0,0,0,0,0,0,1,4,10,33,39,22,1,0,0
118,0,0,0,0,0,0,0,0,0,0,534,471,366,565,287,5,0,0,1
433,0,0,0,0,0,0,0,0,0,0,3007,7182,3590,79,0,0,0,0,0
2,0,0,0,0,0,0,0,0,0,0,24,106,39,46,56,35,4,1,1
0,0,0,0,0,0,0,0,0,0,0,8,2,2,0,0,0,1,1,0
0,0,0,0,0,0,0,0,0,0,0,0,3,9,33,70,57,4,0,1
1,0,0,0,0,0,0,0,0,0,0,26,107,282,383,119,2,0,0,0
0,0,0,0,0,0,0,0,0,0,0,0,0,2,3,0,0,0,0,0
0,0,0,0,0,0,0,0,0,0,0,0,2,4,13,11,21,4,0,0
0,0,0,0,0,0,0,0,0,0,0,0,0,0,0,0,1,0,0,0
116,0,0,0,0,0,0,0,0,0,0,227,879,188,34,8,1,3,1,1
0,0,0,0,0,0,0,0,0,0,0,1,6,22,39,64,49,5,0,1
0,0,0,0,0,0,0,0,0,0,0,0,0,0,0,0,0,1,1,0
0,0,0,0,0,0,0,0,0,0,0,0,0,0,0,0,0,1,0,0
0,0,0,0,0,0,0,0,0,0,0,0,0,0,1,0,0,0,1,0
0,0,0,0,0,0,0,0,0,0,0,0,3,24,12,15,17,5,0,0
860,0,0,0,0,0,0,0,0,0,0,5877,13389,7201,207,0,0,0,0,1
0,0,0,0,0,0,0,0,0,0,0,0,0,0,0,0,0,1,0,0
0,0,0,0,0,0,0,0,0,0,0,1,0,0,2,14,9,5,0,0
2,0,0,0,0,0,0,0,0,0,0,57,126,7,1,0,2,0,0,0
0,0,0,0,0,0,0,0,0,0,0,0,0,0,0,2,4,10,1,1
0,0,0,0,0,0,0,0,0,0,0,0,0,3,3,5,9,7,0,0
0,0,0,0,0,0,0,0,0,0,0,0,0,0,0,0,2,0,1,0
0,0,0,0,0,0,0,0,0,0,0,0,2,3,10,27,29,9,0,1
0,0,0,0,0,0,0,0,0,0,0,0,1,0,0,1,3,4,0,0
1,0,0,0,0,0,0,0,0,0,0,0,6,17,33,36,24,2,0,0
0,0,0,0,0,0,0,0,0,0,0,0,0,0,0,0,0,3,0,0
4,0,0,0,0,0,0,0,0,0,0,48,224,656,855,226,4,0,0,1
0,0,0,0,0,0,0,0,0,0,0,0,0,4,1,3,5,6,1,1
0,0,0,0,0,0,0,0,0,0,0,2,2,1,4,11,24,3,0,0
0,0,0,0,0,0,0,0,0,0,0,0,0,0,0,0,0,0,0,1
0,0,0,0,0,0,0,0,0,0,0,0,0,0,0,0,2,3,0,1
0,0,0,0,0,0,0,0,0,0,0,3,1,5,6,10,6,6,0,0
510,0,0,0,0,0,0,0,0,0,0,718,648,1354,587,37,0,0,0,0
6,0,0,0,0,0,0,0,0,0,0,59,239,759,685,46,0,0,0,0
0,0,0,0,0,0,0,0,0,0,0,0,0,0,0,0,4,4,2,1
1,0,0,0,0,0,0,0,0,0,0,5,3,6,28,70,36,8,0,1
140,0,0,0,0,0,0,0,0,0,0,1041,2945,3403,1186,47,1,0,0,1
24955,0,0,0,0,0,0,0,0,0,0,98740,37855,383,0,0,0,0,0,1
0,0,0,0,0,0,0,0,0,0,0,0,0,1,0,0,0,0,2,1
0,0,0,0,0,0,0,0,0,0,0,0,0,0,0,0,0,2,0,1
0,0,0,0,0,0,0,0,0,0,0,0,0,0,0,0,0,1,1,1
0,0,0,0,0,0,0,0,0,0,0,0,0,0,2,2,5,6,0,0
0,0,0,0,0,0,0,0,0,0,0,0,1,0,3,4,8,12,0,1
0,0,0,0,0,0,0,0,0,0,0,0,0,0,1,3,2,5,0,0
0,0,0,0,0,0,0,0,0,0,0,2,11,20,35,69,28,0,0,0
0,0,0,0,0,0,0,0,0,0,0,0,0,0,1,0,0,0,1,0
0,0,0,0,0,0,0,0,0,0,0,0,0,1,1,2,2,2,1,0
29,0,0,0,0,0,0,0,0,0,0,132,67,43,18,4,0,5,0,0
0,0,0,0,0,0,0,0,0,0,0,0,0,0,1,1,3,2,1,0
0,0,0,0,0,0,0,0,0,0,0,0,1,2,2,6,2,4,0,0
0,0,0,0,0,0,0,0,0,0,0,0,0,0,0,1,0,0,2,1
0,0,0,0,0,0,0,0,0,0,0,0,2,11,26,61,23,1,0,0
0,0,0,0,0,0,0,0,0,0,0,0,0,0,1,4,15,4,0,0
0,0,0,0,0,0,0,0,0,0,0,0,6,10,17,32,33,1,0,0
0,0,0,0,0,0,0,0,0,0,0,1,0,1,0,2,2,7,1,1
23,0,0,0,0,0,0,0,0,0,0,138,77,278,790,292,1,0,0,1
0,0,0,0,0,0,0,0,0,0,0,1,308,23,3,1,0,0,0,0
0,0,0,0,0,0,0,0,0,0,0,0,0,3,9,4,2,0,0,0
0,0,0,0,0,0,0,0,0,0,0,0,0,0,0,0,0,2,1,0
0,0,0,0,0,0,0,0,0,0,0,0,0,0,0,1,0,0,1,0
0,0,0,0,0,0,0,0,0,0,0,0,0,2,0,3,13,6,1,1
0,0,0,0,0,0,0,0,0,0,0,3,3,6,37,65,29,0,0,0
0,0,0,0,0,0,0,0,0,0,0,0,0,0,0,1,1,1,1,0
0,0,0,0,0,0,0,0,0,0,0,0,1,0,5,11,18,5,0,0
0,0,0,0,0,0,0,0,0,0,0,0,0,0,0,0,1,0,0,0
0,0,0,0,0,0,0,0,0,0,0,0,0,0,0,0,2,4,0,1
0,0,0,0,0,0,0,0,0,0,0,5,16,49,119,50,9,3,0,0
0,0,0,0,0,0,0,0,0,0,0,0,1,10,7,3,8,11,1,1
0,0,0,0,0,0,0,0,0,0,0,0,0,2,0,3,10,8,1,1
1,0,0,0,0,0,0,0,0,0,0,2,12,33,107,146,55,0,0,1
0,0,0,0,0,0,0,0,0,0,0,0,1,1,2,1,13,2,0,0
0,0,0,0,0,0,0,0,0,0,0,4,13,47,115,145,48,0,0,1
0,0,0,0,0,0,0,0,0,0,0,0,0,0,0,0,0,0,1,0
0,0,0,0,0,0,0,0,0,0,0,0,1,1,0,1,9,2,1,0
0,0,0,0,0,0,0,0,0,0,0,0,0,0,0,0,1,0,1,0
56171,0,0,0,0,0,0,0,0,0,0,150400,29459,376,5,0,0,0,0,1
0,0,0,0,0,0,0,0,0,0,0,0,0,0,0,0,2,1,1,1
0,0,0,0,0,0,0,0,0,0,0,0,0,3,1,1,0,0,0,1
0,0,0,0,0,0,0,0,0,0,0,0,2,24,28,8,5,4,1,0
0,0,0,0,0,0,0,0,0,0,0,0,0,3,1,1,1,0,0,1
0,0,0,0,0,0,0,0,0,0,0,0,0,2,0,0,0,0,1,0
1202,0,0,0,0,0,0,0,0,0,0,7033,11151,2827,46,0,0,0,0,0
0,0,0,0,0,0,0,0,0,0,0,0,0,0,0,0,0,1,0,0
0,0,0,0,0,0,0,0,0,0,0,0,0,3,6,14,28,12,0,1
0,0,0,0,0,0,0,0,0,0,0,0,3,5,17,32,32,11,0,1
0,0,0,0,0,0,0,0,0,0,0,0,0,0,0,0,0,1,1,0
0,0,0,0,0,0,0,0,0,0,0,0,0,1,2,0,1,3,0,0
0,0,0,0,0,0,0,0,0,0,0,0,1,1,0,0,6,4,2,1
2,0,0,0,0,0,0,0,0,0,0,9,23,70,158,94,20,5,0,1
0,0,0,0,0,0,0,0,0,0,0,0,0,0,0,0,0,1,0,0
0,0,0,0,0,0,0,0,0,0,0,0,0,0,0,3,1,2,1,1
0,0,0,0,0,0,0,0,0,0,0,0,0,1,0,1,2,0,0,0
0,0,0,0,0,0,0,0,0,0,0,0,2,2,12,10,27,3,0,0
21,0,0,0,0,0,0,0,0,0,0,208,908,2149,1252,84,0,0,0,1
0,0,0,0,0,0,0,0,0,0,0,0,0,0,0,0,0,1,0,0
0,0,0,0,0,0,0,0,0,0,0,5,6,18,37,33,19,4,0,0
0,0,0,0,0,0,0,0,0,0,0,0,0,0,1,4,0,0,0,0
0,0,0,0,0,0,0,0,0,0,0,0,0,0,1,3,7,2,0,0
0,0,0,0,0,0,0,0,0,0,0,0,0,0,0,0,0,0,0,1
0,0,0,0,0,0,0,0,0,0,0,0,0,0,0,1,2,1,0,1
9,0,0,0,0,0,0,0,0,0,0,122,418,734,556,72,0,0,0,0
0,0,0,0,0,0,0,0,0,0,0,0,2,3,19,37,38,8,0,1
23,0,0,0,0,0,0,0,0,0,0,115,284,390,445,111,1,0,0,0
81,0,0,0,0,0,0,0,0,0,0,773,2732,3101,366,0,0,0,0,0
2,0,0,0,0,0,0,0,0,0,0,7,33,96,182,174,40,0,0,1
0,0,0,0,0,0,0,0,0,0,0,0,0,0,0,0,0,2,2,1
213,0,0,0,0,0,0,0,0,0,0,1672,4920,5054,939,12,0,0,0,1
0,0,0,0,0,0,0,0,0,0,0,0,1,2,0,0,0,0,0,0
0,0,0,0,0,0,0,0,0,0,0,1,10,11,39,78,54,3,0,1
0,0,0,0,0,0,0,0,0,0,0,0,0,0,0,0,0,0,1,0
0,0,0,0,0,0,0,0,0,0,0,0,1,0,0,1,5,3,2,1
0,0,0,0,0,0,0,0,0,0,0,0,0,1,4,10,11,5,0,0
0,0,0,0,0,0,0,0,0,0,0,0,6,3,24,56,33,0,0,0
2093,0,0,0,0,0,0,0,0,0,0,11735,13928,2297,8,0,0,0,0,0
0,0,0,0,0,0,0,0,0,0,0,0,0,0,0,0,0,2,1,1
0,0,0,0,0,0,0,0,0,0,0,2,2,3,20,23,8,7,1,1
4,0,0,0,0,0,0,0,0,0,0,0,0,6,1,0,0,2,1,0
0,0,0,0,0,0,0,0,0,0,0,0,5,0,2,1,1,5,2,1
0,0,0,0,0,0,0,0,0,0,0,0,1,0,0,0,1,3,0,1
85,0,0,0,0,0,0,0,0,0,0,327,842,1803,684,3,1,0,0,0
0,0,0,0,0,0,0,0,0,0,0,1,22,48,125,104,32,5,0,1
0,0,0,0,0,0,0,0,0,0,0,0,0,1,0,0,0,0,2,0
0,0,0,0,0,0,0,0,0,0,0,0,0,0,0,1,0,1,2,1
0,0,0,0,0,0,0,0,0,0,0,0,0,0,0,0,0,2,1,0
0,0,0,0,0,0,0,0,0,0,0,0,0,0,1,0,0,3,0,0
0,0,0,0,0,0,0,0,0,0,0,1,0,2,1,6,3,0,1,0
0,0,0,0,0,0,0,0,0,0,0,0,0,0,0,0,0,2,1,0
0,0,0,0,0,0,0,0,0,0,0,0,0,0,1,3,5,4,1,0
0,0,0,0,0,0,0,0,0,0,0,0,0,0,1,0,3,10,1,1
0,0,0,0,0,0,0,0,0,0,0,1,2,17,29,44,30,1,0,0
0,0,0,0,0,0,0,0,0,0,0,0,2,0,0,0,1,1,1,0
0,0,0,0,0,0,0,0,0,0,0,0,0,1,0,3,5,3,1,0
0,0,0,0,0,0,0,0,0,0,0,0,5,17,47,59,28,0,0,0
0,0,0,0,0,0,0,0,0,0,0,0,0,1,6,13,14,5,0,0
0,0,0,0,0,0,0,0,0,0,0,0,0,0,0,0,0,0,1,0
0,0,0,0,0,0,0,0,0,0,0,0,0,0,0,0,1,1,1,0
29,0,0,0,0,0,0,0,0,0,0,189,699,1336,712,22,0,0,0,0
0,0,0,0,0,0,0,0,0,0,0,0,0,0,0,0,2,3,1,0
0,0,0,0,0,0,0,0,0,0,0,0,0,0,0,0,0,0,1,0
2,0,0,0,0,0,0,0,0,0,0,5,0,5,1,0,5,7,1,1
0,0,0,0,0,0,0,0,0,0,0,0,0,0,0,0,1,2,1,1
0,0,0,0,0,0,0,0,0,0,0,1,1,9,24,34,16,4,0,0
0,0,0,0,0,0,0,0,0,0,0,0,0,0,0,3,11,13,0,1
0,0,0,0,0,0,0,0,0,0,0,0,0,7,18,31,23,2,0,0
1,0,0,0,0,0,0,0,0,0,0,2,3,0,2,2,6,8,1,1
0,0,0,0,0,0,0,0,0,0,0,0,8,8,4,2,0,1,2,1
0,0,0,0,0,0,0,0,0,0,0,0,1,0,0,0,0,1,1,0
217,0,0,0,0,0,0,0,0,0,0,1511,3668,3212,1075,63,0,0,0,1
0,0,0,0,0,0,0,0,0,0,0,0,0,2,7,14,34,8,0,1
2,0,0,0,0,0,0,0,0,0,0,17,43,21,12,20,14,0,1,0
0,0,0,0,0,0,0,0,0,0,0,0,0,0,0,3,2,1,2,0
10,0,0,0,0,0,0,0,0,0,0,57,342,742,598,68,0,0,0,0
7,0,0,0,0,0,0,0,0,0,0,61,228,473,612,252,12,0,0,1
1,0,0,0,0,0,0,0,0,0,0,3,31,132,294,284,17,0,0,1
0,0,0,0,0,0,0,0,0,0,0,0,0,0,1,8,22,8,0,1
0,0,0,0,0,0,0,0,0,0,0,0,0,0,0,0,0,0,2,0
0,0,0,0,0,0,0,0,0,0,0,0,5,15,7,6,13,3,0,0
0,0,0,0,0,0,0,0,0,0,0,0,0,1,0,0,0,0,1,1
1,0,0,0,0,0,0,0,0,0,0,5,47,140,309,137,3,0,0,0
0,0,0,0,0,0,0,0,0,0,0,0,0,0,1,0,3,3,0,0
0,0,0,0,0,0,0,0,0,0,0,0,0,3,1,2,1,3,1,1
0,0,0,0,0,0,0,0,0,0,0,0,0,1,0,2,3,3,0,0
239,0,0,0,0,0,0,0,0,0,0,1430,3889,3495,1060,62,0,0,0,1
0,0,0,0,0,0,0,0,0,0,0,0,2,2,0,0,0,3,0,0
394,0,0,0,0,0,0,0,0,0,0,653,618,15,1,0,0,0,2,0
23,0,0,0,0,0,0,0,0,0,0,245,856,1529,716,9,0,0,0,0
0,0,0,0,0,0,0,0,0,0,0,0,0,2,0,1,0,4,1,1
9,0,0,0,0,0,0,0,0,0,0,71,300,831,859,194,9,0,0,1
0,0,0,0,0,0,0,0,0,0,0,0,0,0,0,0,0,0,1,0
0,0,0,0,0,0,0,0,0,0,0,3,1,3,3,13,14,3,0,0
0,0,0,0,0,0,0,0,0,0,0,0,0,0,1,0,5,3,0,0
0,0,0,0,0,0,0,0,0,0,0,0,0,0,0,0,0,1,1,0
0,0,0,0,0,0,0,0,0,0,0,0,1,1,4,5,15,1,1,0
332,0,0,0,0,0,0,0,0,0,0,1870,2081,560,425,56,3,1,0,0
0,0,0,0,0,0,0,0,0,0,0,0,0,0,0,0,1,0,0,0
0,0,0,0,0,0,0,0,0,0,0,0,0,0,0,0,0,0,1,0
2,0,0,0,0,0,0,0,0,0,0,2,22,126,262,191,36,0,0,1
0,0,0,0,0,0,0,0,0,0,0,0,0,0,0,2,0,1,0,1
0,0,0,0,0,0,0,0,0,0,0,0,1,0,1,4,10,4,0,0
0,0,0,0,0,0,0,0,0,0,0,0,0,0,0,0,2,0,1,1
0,0,0,0,0,0,0,0,0,0,0,0,0,0,0,0,0,1,1,0
0,0,0,0,0,0,0,0,0,0,0,0,0,0,0,0,1,3,1,1
17,0,0,0,0,0,0,0,0,0,0,147,692,1974,1276,71,5,0,0,1
0,0,0,0,0,0,0,0,0,0,0,0,0,0,0,1,0,0,0,1
0,0,0,0,0,0,0,0,0,0,0,4,1,32,59,34,4,2,0,0
8,0,0,0,0,0,0,0,0,0,0,18,7,6,1,1,1,0,0,0
0,0,0,0,0,0,0,0,0,0,0,0,0,1,0,0,1,1,1,0
0,0,0,0,0,0,0,0,0,0,0,0,0,0,0,0,0,0,1,0
12,0,0,0,0,0,0,0,0,0,0,83,298,704,685,217,9,0,0,1
0,0,0,0,0,0,0,0,0,0,0,0,2,2,1,3,13,10,0,1
0,0,0,0,0,0,0,0,0,0,0,0,3,5,8,25,17,4,0,0
0,0,0,0,0,0,0,0,0,0,0,0,2,13,15,22,33,11,0,1
110,0,0,0,0,0,0,0,0,0,0,668,2456,3730,984,63,3,0,0,1
0,0,0,0,0,0,0,0,0,0,0,3,10,28,69,99,51,4,0,1
0,0,0,0,0,0,0,0,0,0,0,1,0,2,4,10,21,11,0,1
0,0,0,0,0,0,0,0,0,0,0,0,0,0,0,0,0,2,1,0
0,0,0,0,0,0,0,0,0,0,0,0,0,0,0,0,0,4,0,1
0,0,0,0,0,0,0,0,0,0,0,0,0,2,5,18,7,1,0,0
0,0,0,0,0,0,0,0,0,0,0,0,1,2,2,14,13,6,2,1
0,0,0,0,0,0,0,0,0,0,0,0,0,0,0,0,0,1,0,0
0,0,0,0,0,0,0,0,0,0,0,0,0,0,0,1,0,0,0,0
0,0,0,0,0,0,0,0,0,0,0,1,3,3,2,0,1,3,0,0
0,0,0,0,0,0,0,0,0,0,0,0,0,3,2,0,3,3,1,0
0,0,0,0,0,0,0,0,0,0,0,0,0,0,3,12,11,6,0,0
0,0,0,0,0,0,0,0,0,0,0,0,0,0,1,0,0,1,1,0
588,0,0,0,0,0,0,0,0,0,0,3665,5833,3078,926,79,0,0,0,1
0,0,0,0,0,0,0,0,0,0,0,0,3,17,37,48,54,4,0,1
1,0,0,0,0,0,0,0,0,0,0,1,168,45,5,6,6,5,0,1
0,0,0,0,0,0,0,0,0,0,0,1,1,12,37,80,21,0,0,0
0,0,0,0,0,0,0,0,0,0,0,3,12,17,10,38,33,10,0,1
399,0,0,0,0,0,0,0,0,0,0,1169,670,351,2,0,1,2,0,0
0,0,0,0,0,0,0,0,0,0,0,0,0,0,0,0,0,0,1,0
0,0,0,0,0,0,0,0,0,0,0,0,3,1,3,4,3,5,0,0
0,0,0,0,0,0,0,0,0,0,0,0,0,1,0,0,0,0,0,0
0,0,0,0,0,0,0,0,0,0,0,0,0,0,1,0,0,0,1,0
0,0,0,0,0,0,0,0,0,0,0,0,0,0,0,1,0,3,2,1
0,0,0,0,0,0,0,0,0,0,0,2,8,28,62,84,26,0,0,0
0,0,0,0,0,0,0,0,0,0,0,0,1,2,9,23,31,1,0,0
15347,0,0,0,0,0,0,0,0,0,0,50642,18002,327,0,0,0,0,0,0
0,0,0,0,0,0,0,0,0,0,0,1,0,1,3,3,4,4,0,0
0,0,0,0,0,0,0,0,0,0,0,1,8,5,8,19,12,5,0,0
0,0,0,0,0,0,0,0,0,0,0,1,3,5,14,29,26,2,0,0
0,0,0,0,0,0,0,0,0,0,0,0,0,1,5,5,1,3,1,0
1,0,0,0,0,0,0,0,0,0,0,2,11,36,89,117,19,0,0,0
70,0,0,0,0,0,0,0,0,0,0,424,1613,3006,1162,50,4,0,0,1
0,0,0,0,0,0,0,0,0,0,0,4,13,43,69,74,25,0,0,0
5,0,0,0,0,0,0,0,0,0,0,45,195,483,475,113,0,0,0,0
1,0,0,0,0,0,0,0,0,0,0,2,4,3,1,1,10,12,0,1
0,0,0,0,0,0,0,0,0,0,0,0,0,0,0,0,0,1,0,0
0,0,0,0,0,0,0,0,0,0,0,0,4,16,46,70,27,0,0,0
0,0,0,0,0,0,0,0,0,0,0,0,0,0,0,0,0,0,1,0
10,0,0,0,0,0,0,0,0,0,0,58,327,838,705,112,3,2,1,1
0,0,0,0,0,0,0,0,0,0,0,4,12,61,156,143,43,2,0,1
0,0,0,0,0,0,0,0,0,0,0,0,0,0,1,4,4,9,0,1
0,0,0,0,0,0,0,0,0,0,0,8,21,30,77,124,55,1,0,1
0,0,0,0,0,0,0,0,0,0,0,0,0,0,0,1,3,5,0,0
0,0,0,0,0,0,0,0,0,0,0,0,0,1,0,6,8,2,1,0
2,0,0,0,0,0,0,0,0,0,0,16,88,279,444,123,0,0,0,0
0,0,0,0,0,0,0,0,0,0,0,0,0,0,0,0,0,0,1,0
0,0,0,0,0,0,0,0,0,0,0,0,1,45,31,4,2,1,0,0
0,0,0,0,0,0,0,0,0,0,0,1,2,13,38,80,31,2,0,1
0,0,0,0,0,0,0,0,0,0,0,0,0,0,0,2,6,4,0,0
0,0,0,0,0,0,0,0,0,0,0,0,0,0,1,1,0,0,0,1
0,0,0,0,0,0,0,0,0,0,0,4,20,91,210,130,8,0,0,0
0,0,0,0,0,0,0,0,0,0,0,0,0,0,0,0,0,0,1,0
1,0,0,0,0,0,0,0,0,0,0,3,25,68,197,251,28,0,0,1
25,0,0,0,0,0,0,0,0,0,0,147,462,1217,1026,177,1,0,0,1
0,0,0,0,0,0,0,0,0,0,0,0,0,0,0,0,0,1,1,0
0,0,0,0,0,0,0,0,0,0,0,0,1,0,0,0,0,1,0,1
0,0,0,0,0,0,0,0,0,0,0,0,4,11,21,47,23,1,0,0
0,0,0,0,0,0,0,0,0,0,0,5,51,136,281,121,8,0,0,0
1,0,0,0,0,0,0,0,0,0,0,11,47,161,355,289,12,0,0,1
0,0,0,0,0,0,0,0,0,0,0,1,4,11,26,42,43,5,0,1
0,0,0,0,0,0,0,0,0,0,0,0,2,7,8,40,29,0,0,0
0,0,0,0,0,0,0,0,0,0,0,0,1,0,0,0,0,0,0,0
4,0,0,0,0,0,0,0,0,0,0,242,45,1,0,0,0,1,0,0
0,0,0,0,0,0,0,0,0,0,0,0,0,0,1,2,8,6,0,0
0,0,0,0,0,0,0,0,0,0,0,0,0,0,0,1,0,5,0,1
0,0,0,0,0,0,0,0,0,0,0,0,0,0,0,1,4,6,0,0
0,0,0,0,0,0,0,0,0,0,0,0,1,1,1,0,0,0,1,0
0,0,0,0,0,0,0,0,0,0,0,0,2,5,11,26,31,1,0,0
0,0,0,0,0,0,0,0,0,0,0,0,0,0,0,0,0,0,1,0
0,0,0,0,0,0,0,0,0,0,0,1,8,12,27,63,56,3,0,1
0,0,0,0,0,0,0,0,0,0,0,0,0,0,1,2,10,3,0,1
0,0,0,0,0,0,0,0,0,0,0,0,0,0,0,2,6,4,1,1
0,0,0,0,0,0,0,0,0,0,0,0,0,0,2,3,7,4,1,0
62,0,0,0,0,0,0,0,0,0,0,308,425,13,2,1,0,0,1,0
1060,0,0,0,0,0,0,0,0,0,0,6258,10587,3057,25,0,0,0,0,0
0,0,0,0,0,0,0,0,0,0,0,0,4,38,30,15,4,5,0,0
0,0,0,0,0,0,0,0,0,0,0,9,25,86,227,146,4,0,0,0
0,0,0,0,0,0,0,0,0,0,0,0,0,0,0,0,0,0,2,0
0,0,0,0,0,0,0,0,0,0,0,0,0,5,0,5,14,16,0,1
0,0,0,0,0,0,0,0,0,0,0,0,0,0,0,0,0,3,1,0
0,0,0,0,0,0,0,0,0,0,0,0,0,1,4,17,10,6,0,0
0,0,0,0,0,0,0,0,0,0,0,1,8,28,76,85,23,1,0,0
436,0,0,0,0,0,0,0,0,0,0,2765,5529,1719,78,22,3,3,0,0
0,0,0,0,0,0,0,0,0,0,0,0,0,0,0,0,1,0,0,0
2,0,0,0,0,0,0,0,0,0,0,0,3,0,3,1,6,6,1,1
0,0,0,0,0,0,0,0,0,0,0,1,2,4,14,12,10,8,1,1
0,0,0,0,0,0,0,0,0,0,0,0,6,20,62,131,42,2,0,1
0,0,0,0,0,0,0,0,0,0,0,0,0,1,0,0,2,2,1,1
0,0,0,0,0,0,0,0,0,0,0,0,0,1,0,0,0,1,2,0
0,0,0,0,0,0,0,0,0,0,0,0,0,0,0,0,0,1,1,0
138,0,0,0,0,0,0,0,0,0,0,555,577,512,208,43,12,1,0,0
0,0,0,0,0,0,0,0,0,0,0,5,25,86,168,203,36,0,0,1
0,0,0,0,0,0,0,0,0,0,0,0,0,0,0,0,0,0,0,1
0,0,0,0,0,0,0,0,0,0,0,0,0,1,1,0,2,8,0,0
0,0,0,0,0,0,0,0,0,0,0,0,5,2,3,8,15,9,0,1
0,0,0,0,0,0,0,0,0,0,0,0,0,0,0,0,0,0,1,0
0,0,0,0,0,0,0,0,0,0,0,0,0,0,0,1,1,0,1,0
0,0,0,0,0,0,0,0,0,0,0,0,0,0,0,0,0,1,0,0
109,0,0,0,0,0,0,0,0,0,0,812,1538,1284,563,46,0,0,0,0
0,0,0,0,0,0,0,0,0,0,0,1,2,0,0,0,1,2,0,0
0,0,0,0,0,0,0,0,0,0,0,0,1,47,48,16,2,2,1,1
0,0,0,0,0,0,0,0,0,0,0,0,1,0,0,1,1,2,2,1
0,0,0,0,0,0,0,0,0,0,0,0,0,0,0,1,0,0,0,0
1,0,0,0,0,0,0,0,0,0,0,4,39,85,184,90,13,1,0,0
0,0,0,0,0,0,0,0,0,0,0,0,0,0,0,1,0,3,1,1
0,0,0,0,0,0,0,0,0,0,0,0,0,0,2,2,3,2,3,1
0,0,0,0,0,0,0,0,0,0,0,1,10,40,75,110,29,3,1,1
27,0,0,0,0,0,0,0,0,0,0,142,531,1085,593,47,1,0,0,0
0,0,0,0,0,0,0,0,0,0,0,0,0,0,0,0,1,0,1,0
0,0,0,0,0,0,0,0,0,0,0,0,1,5,3,13,7,7,1,1
0,0,0,0,0,0,0,0,0,0,0,0,0,0,3,0,0,0,0,1
231570,0,0,0,0,0,0,0,0,0,0,265721,17631,109,0,0,0,0,0,1
0,0,0,0,0,0,0,0,0,0,0,1,0,0,2,1,8,6,0,1
0,0,0,0,0,0,0,0,0,0,0,2,9,10,33,74,27,0,0,0
0,0,0,0,0,0,0,0,0,0,0,1,2,9,30,41,19,2,0,1
0,0,0,0,0,0,0,0,0,0,0,0,1,2,2,8,10,4,0,0
0,0,0,0,0,0,0,0,0,0,0,0,0,0,0,0,0,0,1,1
0,0,0,0,0,0,0,0,0,0,0,11,78,204,400,120,3,0,0,0
17,0,0,0,0,0,0,0,0,0,0,182,695,1630,1049,140,5,0,0,1
0,0,0,0,0,0,0,0,0,0,0,0,4,18,54,138,50,0,0,1
519,0,0,0,0,0,0,0,0,0,0,3379,7866,5676,737,6,0,0,0,1
0,0,0,0,0,0,0,0,0,0,0,1,2,2,8,15,20,4,2,1
0,0,0,0,0,0,0,0,0,0,0,0,0,0,1,0,0,2,0,0
0,0,0,0,0,0,0,0,0,0,0,1,1,2,5,4,14,4,0,0
0,0,0,0,0,0,0,0,0,0,0,1,5,31,64,74,19,1,0,0
0,0,0,0,0,0,0,0,0,0,0,0,0,0,0,0,0,2,0,0
1,0,0,0,0,0,0,0,0,0,0,2,22,57,138,125,13,0,0,0
396,0,0,0,0,0,0,0,0,0,0,2524,6073,3703,101,0,0,0,0,0
257,0,0,0,0,0,0,0,0,0,0,1644,3891,2588,399,7,0,0,0,0
0,0,0,0,0,0,0,0,0,0,0,0,0,0,1,0,0,0,0,0
0,0,0,0,0,0,0,0,0,0,0,1,2,8,35,66,44,5,0,1
62,0,0,0,0,0,0,0,0,0,0,505,1615,2110,565,14,0,0,0,0
15,0,0,0,0,0,0,0,0,0,0,236,341,2,2,3,0,1,0,0
58,0,0,0,0,0,0,0,0,0,0,430,1039,982,562,67,0,0,0,0
0,0,0,0,0,0,0,0,0,0,0,0,0,0,0,0,0,1,1,0
0,0,0,0,0,0,0,0,0,0,0,0,0,0,0,3,2,4,0,0
1,0,0,0,0,0,0,0,0,0,0,8,65,174,367,260,19,0,0,1
0,0,0,0,0,0,0,0,0,0,0,0,2,9,14,27,27,2,0,0
0,0,0,0,0,0,0,0,0,0,0,0,0,1,0,0,0,0,0,0
0,0,0,0,0,0,0,0,0,0,0,0,2,13,13,22,22,3,0,0
0,0,0,0,0,0,0,0,0,0,0,0,0,0,0,0,1,0,0,0
514,0,0,0,0,0,0,0,0,0,0,1216,830,201,59,86,22,0,0,0
96,0,0,0,0,0,0,0,0,0,0,711,2276,3830,1278,22,0,0,0,1
0,0,0,0,0,0,0,0,0,0,0,0,0,0,0,0,0,0,1,0
0,0,0,0,0,0,0,0,0,0,0,0,0,0,1,0,0,1,1,0
0,0,0,0,0,0,0,0,0,0,0,1,0,0,0,0,0,1,1,0
543,0,0,0,0,0,0,0,0,0,0,3419,5796,2948,253,0,0,0,0,0
0,0,0,0,0,0,0,0,0,0,0,0,5,17,33,73,26,0,0,0
17,0,0,0,0,0,0,0,0,0,0,83,286,532,261,69,28,5,0,1
0,0,0,0,0,0,0,0,0,0,0,0,1,0,0,0,0,0,0,0
69784,0,0,0,0,0,0,0,0,0,0,111987,10709,84,0,0,0,0,0,0
20,0,0,0,0,0,0,0,0,0,0,131,300,245,198,28,3,2,1,0
0,0,0,0,0,0,0,0,0,0,0,0,0,1,1,0,0,0,0,0
0,0,0,0,0,0,0,0,0,0,0,0,0,0,0,0,0,2,1,0
0,0,0,0,0,0,0,0,0,0,0,0,0,1,1,0,2,3,2,1
0,0,0,0,0,0,0,0,0,0,0,1,8,37,92,106,18,0,0,0
2,0,0,0,0,0,0,0,0,0,0,0,3,19,15,8,12,7,1,1
0,0,0,0,0,0,0,0,0,0,0,0,0,1,1,2,1,3,1,0
2,0,0,0,0,0,0,0,0,0,0,53,173,543,625,77,0,0,0,0
0,0,0,0,0,0,0,0,0,0,0,0,0,0,0,1,2,3,0,0
0,0,0,0,0,0,0,0,0,0,0,0,0,0,0,0,2,3,0,1
0,0,0,0,0,0,0,0,0,0,0,0,1,4,1,1,4,5,2,1
0,0,0,0,0,0,0,0,0,0,0,3,7,67,148,218,38,0,0,1
0,0,0,0,0,0,0,0,0,0,0,6,31,92,189,114,15,0,0,0
0,0,0,0,0,0,0,0,0,0,0,0,1,2,3,6,15,4,0,0
2,0,0,0,0,0,0,0,0,0,0,12,81,216,363,120,3,0,0,0
0,0,0,0,0,0,0,0,0,0,0,0,7,14,25,54,43,8,0,1
0,0,0,0,0,0,0,0,0,0,0,0,1,1,0,2,5,6,0,0
0,0,0,0,0,0,0,0,0,0,0,0,0,3,1317,133,2,0,0,1
0,0,0,0,0,0,0,0,0,0,0,0,0,0,0,0,0,0,2,0
0,0,0,0,0,0,0,0,0,0,0,4,21,67,162,131,34,3,0,1
0,0,0,0,0,0,0,0,0,0,0,3,12,44,127,177,42,1,0,1
0,0,0,0,0,0,0,0,0,0,0,0,0,0,0,0,0,0,1,0
0,0,0,0,0,0,0,0,0,0,0,0,2,5,5,6,13,4,0,0
0,0,0,0,0,0,0,0,0,0,0,0,1,0,0,0,0,0,0,0
0,0,0,0,0,0,0,0,0,0,0,0,0,1,0,1,2,3,1,0
96,0,0,0,0,0,0,0,0,0,0,788,3355,3818,205,0,0,0,0,0
0,0,0,0,0,0,0,0,0,0,0,0,0,0,0,0,0,1,2,1
7,0,0,0,0,0,0,0,0,0,0,56,103,11,3,2,0,0,0,0
12,0,0,0,0,0,0,0,0,0,0,88,315,453,274,126,3,0,0,0
0,0,0,0,0,0,0,0,0,0,0,1,0,1,5,19,15,5,0,0
0,0,0,0,0,0,0,0,0,0,0,0,2,11,35,52,52,6,0,1
7,0,0,0,0,0,0,0,0,0,0,41,162,510,616,77,0,0,0,0
0,0,0,0,0,0,0,0,0,0,0,0,3,8,24,40,32,1,0,0
0,0,0,0,0,0,0,0,0,0,0,0,0,0,2,1,0,0,2,1
640,0,0,0,0,0,0,0,0,0,0,4247,9983,6709,431,0,0,0,0,1
191,0,0,0,0,0,0,0,0,0,0,1231,3396,2786,335,13,0,0,0,0
0,0,0,0,0,0,0,0,0,0,0,0,0,0,0,0,0,0,1,0
0,0,0,0,0,0,0,0,0,0,0,0,6,8,19,64,49,4,0,1
0,0,0,0,0,0,0,0,0,0,0,1,2,6,42,37,18,3,0,0
0,0,0,0,0,0,0,0,0,0,0,0,0,0,0,0,1,2,3,1
1,0,0,0,0,0,0,0,0,0,0,1,14,32,100,105,19,0,0,0
0,0,0,0,0,0,0,0,0,0,0,1,1,0,0,3,3,8,2,1
0,0,0,0,0,0,0,0,0,0,0,0,1,0,0,0,1,0,0,0
0,0,0,0,0,0,0,0,0,0,0,0,0,0,0,1,5,3,0,0
1,0,0,0,0,0,0,0,0,0,0,3,23,67,196,164,4,0,0,0
0,0,0,0,0,0,0,0,0,0,0,0,0,0,2,0,0,2,1,1
0,0,0,0,0,0,0,0,0,0,0,0,0,0,5,0,1,0,0,1
0,0,0,0,0,0,0,0,0,0,0,1,2,0,0,1,5,4,1,1
0,0,0,0,0,0,0,0,0,0,0,5,32,83,108,140,54,0,0,1
1,0,0,0,0,0,0,0,0,0,0,3,20,90,216,233,33,0,0,1
0,0,0,0,0,0,0,0,0,0,0,0,2,1,2,1,4,8,1,1
0,0,0,0,0,0,0,0,0,0,0,0,0,1,0,0,0,0,2,0
0,0,0,0,0,0,0,0,0,0,0,0,0,0,0,0,1,1,0,0
2,0,0,0,0,0,0,0,0,0,0,5,88,200,337,213,32,1,0,1
0,0,0,0,0,0,0,0,0,0,0,0,0,1,2,4,9,7,0,0
0,0,0,0,0,0,0,0,0,0,0,2,11,28,50,79,56,2,0,1
3,0,0,0,0,0,0,0,0,0,0,38,123,365,544,90,1,0,0,0
42,0,0,0,0,0,0,0,0,0,0,249,672,1376,1330,112,0,0,0,1
0,0,0,0,0,0,0,0,0,0,0,0,0,1,0,0,0,2,1,1
0,0,0,0,0,0,0,0,0,0,0,0,4,10,13,29,28,10,0,1
0,0,0,0,0,0,0,0,0,0,0,0,2,5,12,13,25,3,0,0
0,0,0,0,0,0,0,0,0,0,0,1,1,0,1,1,6,4,1,0
325,0,0,0,0,0,0,0,0,0,0,767,516,222,39,16,9,4,0,0
0,0,0,0,0,0,0,0,0,0,0,0,0,0,0,5,10,3,0,0
0,0,0,0,0,0,0,0,0,0,0,0,0,0,1,0,0,1,0,1
0,0,0,0,0,0,0,0,0,0,0,0,0,0,0,1,7,9,1,1
0,0,0,0,0,0,0,0,0,0,0,0,1,2,1,6,17,7,2,1
2,0,0,0,0,0,0,0,0,0,0,4,48,123,318,287,18,0,0,1
0,0,0,0,0,0,0,0,0,0,0,0,0,1,0,0,1,5,1,1
0,0,0,0,0,0,0,0,0,0,0,0,3,10,25,79,25,0,0,0
0,0,0,0,0,0,0,0,0,0,0,0,1,1,1,0,0,0,0,0
0,0,0,0,0,0,0,0,0,0,0,1,4,10,6,9,6,6,0,0
0,0,0,0,0,0,0,0,0,0,0,0,0,2,2,7,22,4,0,1
0,0,0,0,0,0,0,0,0,0,0,0,3,2,4,14,22,3,0,0
0,0,0,0,0,0,0,0,0,0,0,0,0,0,1,1,1,4,0,0
0,0,0,0,0,0,0,0,0,0,0,0,0,0,0,0,0,1,1,0
0,0,0,0,0,0,0,0,0,0,0,0,9,37,1197,18,0,0,0,0
2,0,0,0,0,0,0,0,0,0,0,15,79,201,105,32,6,1,1,1
0,0,0,0,0,0,0,0,0,0,0,0,0,0,1,0,0,1,1,0
1,0,0,0,0,0,0,0,0,0,0,2,14,45,136,159,53,0,0,1
0,0,0,0,0,0,0,0,0,0,0,0,1,0,1,4,14,15,0,1
0,0,0,0,0,0,0,0,0,0,0,0,0,0,0,4,11,11,0,1
0,0,0,0,0,0,0,0,0,0,0,0,0,0,0,0,1,1,1,1
30,0,0,0,0,0,0,0,0,0,0,30,40,151,273,106,11,0,0,0
213,0,0,0,0,0,0,0,0,0,0,1629,4083,2867,300,15,0,0,0,0
8,0,0,0,0,0,0,0,0,0,0,48,238,745,985,218,0,0,0,1
0,0,0,0,0,0,0,0,0,0,0,1,4,14,53,98,17,0,0,0
10,0,0,0,0,0,0,0,0,0,0,7,2,1,0,3,8,6,2,1
0,0,0,0,0,0,0,0,0,0,0,0,1,1,6,10,9,9,1,1
1,0,0,0,0,0,0,0,0,0,0,2,17,59,76,18,7,7,1,1
0,0,0,0,0,0,0,0,0,0,0,0,0,1,4,9,26,11,0,1
2,0,0,0,0,0,0,0,0,0,0,6,28,95,239,111,12,0,0,0
0,0,0,0,0,0,0,0,0,0,0,0,0,5,14,28,34,8,0,1
0,0,0,0,0,0,0,0,0,0,0,0,0,0,2,4,3,4,1,0
0,0,0,0,0,0,0,0,0,0,0,0,39,436,59,25,3,6,0,1
0,0,0,0,0,0,0,0,0,0,0,0,0,0,1,1,4,4,1,0
0,0,0,0,0,0,0,0,0,0,0,5,2,9,12,27,27,2,0,0
0,0,0,0,0,0,0,0,0,0,0,0,0,0,0,0,0,1,1,0
0,0,0,0,0,0,0,0,0,0,0,0,0,0,0,0,1,1,0,0
43,0,0,0,0,0,0,0,0,0,0,413,1250,2398,1248,79,1,0,0,1
0,0,0,0,0,0,0,0,0,0,0,0,0,0,0,0,0,1,2,1
0,0,0,0,0,0,0,0,0,0,0,0,0,0,0,0,0,0,1,0
0,0,0,0,0,0,0,0,0,0,0,0,0,0,0,0,0,0,1,0
0,0,0,0,0,0,0,0,0,0,0,1,16,58,145,178,33,4,0,1
25,0,0,0,0,0,0,0,0,0,0,177,754,1891,1361,79,0,0,0,1
0,0,0,0,0,0,0,0,0,0,0,0,0,0,0,0,0,1,0,0
0,0,0,0,0,0,0,0,0,0,0,0,0,0,0,0,0,0,1,0
6,0,0,0,0,0,0,0,0,0,0,34,135,531,852,249,1,0,0,1
0,0,0,0,0,0,0,0,0,0,0,0,0,5,3,7,12,9,1,1
0,0,0,0,0,0,0,0,0,0,0,0,1,1,0,0,1,3,0,0
0,0,0,0,0,0,0,0,0,0,0,0,0,0,0,0,3,2,0,0
0,0,0,0,0,0,0,0,0,0,0,0,1,1,1,0,2,8,0,1
0,0,0,0,0,0,0,0,0,0,0,0,0,0,0,1,2,3,0,0
0,0,0,0,0,0,0,0,0,0,0,0,3,108,146,17,1,4,1,1
0,0,0,0,0,0,0,0,0,0,0,0,1,5,7,11,10,10,0,1
0,0,0,0,0,0,0,0,0,0,0,0,4,8,17,31,27,3,0,0
0,0,0,0,0,0,0,0,0,0,0,6,13,43,69,90,26,0,0,0
0,0,0,0,0,0,0,0,0,0,0,0,0,0,0,1,3,6,0,0
0,0,0,0,0,0,0,0,0,0,0,0,1,2,1,1,0,4,1,1
0,0,0,0,0,0,0,0,0,0,0,2,9,13,40,56,27,1,0,0
3,0,0,0,0,0,0,0,0,0,0,5,11,0,4,4,2,3,2,1
0,0,0,0,0,0,0,0,0,0,0,0,0,0,0,0,0,0,1,0
0,0,0,0,0,0,0,0,0,0,0,0,0,1,0,0,0,0,0,0
