91a3c57b13234af24875c56fb7e2b2f4rb56a,0.0,ke
624f258b49e77713fc34034560f93fb3hu3jo,0.0,id
4bee9aba2abda51bf43d639013d6efe12iycd,0.0,my
7eaefc97fbf6af12e930528151f86eb91bafh,0.0,cn
25558d24bca82beef0f9db4ba1fe2045ynnvq,0.0,id
88ae7a35e374a6fddd079ebb28c822eeohwse,0.0,fr
57db69e32163f3e486dc6ef7d615aa12usje6,0.0,in
d1be739798ba0745a1fd72ac918a9f1929hei,0.0,in
0a6ba32afe4756995db2f5cf2461cddbvj445,0.0,br
fa64831ab5ade55daee13f852c16b0a84ujt0,0.0,ro
3f3a3705be5ea07b9ba7ee646ed756fbssuo7,0.0,us
1b26a52e1e5980c8487bb35cf5027fdfwfnzp,0.0,za
c0549e76b179912d52a28c3eb9b29376yaxvu,0.0,my
38e919293f5dbd62d87ce288e41aae2a281m2,0.0,us
585e7c21b80baf2225224fe140cdb1a73ddrf,0.0,in
d91a4421996dcf429f575e372915cdcedae6g,0.0,id
880f542a275df1251612886d408b32e8m96cp,0.0,lt
6e4d22dbabcf2eaae5689c7d155e1c1fev15l,0.0,sa
25d75fd439571c1d9b946f5ec833786063vom,0.0,id
5354c02817e47f28e60e44a40ca5e48dll4sz,1.0,id
d29003d7f3ec1f0e4ca9cc17e6389b4a4phcg,0.0,id
99acffc3cd9bfcd00668dbf472a1979350mxk,0.0,in
067ff22ebf0d33fe0deedc816d75973865jo7,0.0,pl
11a38554244f3c14de043aaf52345c35jjqvo,0.0,vn
d878560888b11447e73324a6e263fbd5iydo1,0.0,my
0b68888358a492884e3885bcd73ea63bhxidk,0.0,us
c748f0d69cc89d5812c9fe3a6413bbb26351l,0.0,id
eaaae0fb54c7d36724a9679c3128d5a7gn4k5,0.0,ro
2c581ec91825362ab66a7ffa05df5e70hl3h3,0.0,br
0d0b3d6dc27d0f8eed70971f8c6bec1bdrs0f,0.0,id
d6d3daba4bea632d7f5a4e2c5146f109dkd4m,0.0,tr
1476226300a93d22b15253ed7339429a7ijk0,0.0,id
95fede5853bfffda8f50f6af494ff1d1hsgie,0.0,id
2a7d1f9483d34546c4d099e36e3a79790qvjm,0.0,in
d36857d18a397e7e24d05dcbef3b919ftjstv,0.0,za
c62bac5be6489bc0e0a7834a11167171c8ww3,0.0,ph
98783b6bd490f32f56c315307643c824nimw1,0.0,in
29cc13d48af9832e0eb481c8a095fec7mom74,0.0,in
c0e1ecd40b81bda3b7dcec501334499dgzq17,0.0,za
a1f4d216a1a92507d97166151d7c9fe37bei4,0.0,za
9434778d2268f1fa2a8ede48c0cd05c097zey,1.0,tr
aabc211b4cf4d29e4ac7e7e361371622pockb,1.0,my
e1da7d96b83f16aa80cc254572cc154fcoudy,0.0,ae
8abc7635daf75f9fbeb63783b7b8ccd5rvuyo,0.0,ae
e97becf0d4632035ad4cd5e65c827d6f0xawy,0.0,us
848d3eaa622b26fe57d352eedd9649f4v6obv,0.0,cn
5686520af5a4215a239418fec906f88e4she5,0.0,et
e98d8f348b266653b6784329782fd2e91vu3h,0.0,in
68d468e15e0de0bab9694cdca8e799eb2j8kn,1.0,au
64a39f766b2e9d9471b104f0d0289740a9kdq,0.0,ru
f60edfe5177cab56896a9d6860995095cl1bb,0.0,cn
e3ccc9bd16fa1f4a92fe87b4a54e5e72uficw,0.0,in
792edafa0603516a57932e6103e9dd54ajar7,0.0,uk
d738b259ec6e6af625d1f41abcfd63e9e53tx,0.0,za
4dd2a50e589cde2802c4bab143dea61ak517w,0.0,cn
fb92fc925c5df50f4da7874a7542cf2210z1f,0.0,my
19815d9bcdc74c3ddfb9ff210c1739f3tup3i,0.0,ar
91dcfc10da696a6d90966ff795751708er5fp,0.0,tr
927c5e145de79f9ee2ada0ddc054b4e9hc3qj,0.0,in
a3c2ba79963b637f15086e6255a46253lwpnb,0.0,in
bcf95b210295831ff6e20db3a570f909n3q25,0.0,in
59ae36080fae26bccbbc31a4505b6fb3v3zjy,0.0,in
ef24ca4be7ccbd6ec68d4ea9f47c9e8ex1g09,0.0,in
6394edfbd35aab54801518835e33ed50hcr5f,0.0,id
dadbcec8b02ac75c5935f419b318ceca1wwjw,0.0,cn
c5babbaace35399cf51a9356bbc22733xpi5h,0.0,vn
09d71d3e6a6871a7598dc2764c5bb4ffkz6mc,0.0,th
af98b7d5a7c1ccd2968252a2fb1c06f69igbv,0.0,ae
96b90af2d3eea4d3b2bc725e1c92e212qu52g,1.0,th
8e1f8e5907b3cc256a2a57ae9ac81e063gbz4,0.0,ng
6ecd9f4b332eb790dc933aea0a1528e2qkp4y,0.0,uk
4c4431ec9b6e683bdc5a3118d5140105r1nas,0.0,in
1cd8d86911413c73e92ad1170cae68c3pocsn,0.0,th
bd2cf3a868d168425cf1bde7c49d40b9jq0xu,0.0,id
001068c415025a009fee375a12cff4fcnht8y,0.0,bn
9df0b0e5ca66460495931376045feb5fu4y7b,0.0,my
d9c6b6d7290e4475bcd6d264fb33a706fqtvc,0.0,in
9ded76c5244a2116a3b5432fa265a800j0bvt,0.0,
53691811bd992911edb9f5f64f49d8f5luk1f,0.0,sa
0cca10034c58287ee6fbec14a3f96c3546sdh,0.0,bd
1ae57d217b27820cabf6e24b721bfb38s6ja0,0.0,pl
6531bde8d4decd9708ff4407ef95e887a26yi,0.0,id
ff58ffde976a4899dcd89597a7877e18lntgz,0.0,in
806a46eb814ec7a09bfffcf38b0763d344tc3,0.0,jp
20cb327bff59dc8f4fe1ac68a30f02eb6jrq6,0.0,in
f5a67722732675f6285b70b9f008665fq01bk,0.0,id
758bd601d6700494300ec1647682eb34vq1zp,0.0,in
80e753fbea14f966b1fc6d1e194d4e66822ms,0.0,in
d0231e5200b870c055db7e3daae24bc8lt7at,0.0,cl
bff9a98b73f2b9a01300d3fd3d55b16b1190o,0.0,pk
03244a553a252dcc3a3037f0371c8d33fmpd1,0.0,in
28c0d4c81a22958352aa742f7d74e477qwo51,0.0,in
461dc3d03d1e28d52770a4d3dc7db34558fcg,0.0,fr
d27221cf2bfaf0fa7a60ffd3e1e3a53efagvp,0.0,in
915ccac760c7359a446100fd1a54bbf6oyrzf,0.0,my
60b8145bcfed7a5f2a23b596a8aff99cdzn4m,0.0,id
0e66933c924764a59760aaae5368e7d1e0s88,0.0,in
48117c1e2b56cfc8739f83683e01d9b2aoc66,0.0,id
6086425310e05e77a53317490e8c1f3cxzf2r,0.0,ro
3073231f45ca50ad6830d4dc7261f283iwjjm,0.0,my
9baf61c813f1d4a09e3c70f6dc741f34voe3n,0.0,pk
75c4518eba20c9299a3a836d9905c327w6j8b,0.0,th
47e0637718480102d235233c83661a7850foh,0.0,tr
12d6239a92972a35bc990225b3ab33466znm8,0.0,in
d65efaa8129a85f85bf909e5abde8c3628gfv,0.0,sg
5960fc711b544e2617d0f76360b69e2afds2b,0.0,in
3b233dc399f175100fb11ff9c66fa5b074z60,0.0,in
ae94687eaad6b410713db9106c42566axgn9n,0.0,id
15972a431aed117840dfce5556242366c3fwq,1.0,au
367edc726ba8e667973844395493559dtf2o3,0.0,in
d5f997729fd5a0aa13307e027804de515jziv,0.0,in
5b25a86acea5ff395bbd62399bb5cc9bb7h6i,0.0,br
fc8e62e5fb69ba67265a3d0e3403aa3fr8c2q,0.0,np
36b84c776aea2e008180dbc72393ed750zsbr,0.0,dk
3edae72a9d44c43524c0203ce38581d1790xh,0.0,in
efc61ad6db17265a4bac85f77b154ef414tpp,1.0,ph
a9229b83f54a5f44a69e65b9b3aa7aa26qcon,0.0,my
dc52611b1a2c84c0949da5af9870d57fj6ab0,0.0,sg
5106dcca581b63cf2226110a9048ee4846sxb,0.0,in
b27db6c048fa41b496dfd3423226bb0923yfv,0.0,in
91d9b706f63537c5fc0027c50b0e3b06qpdgz,0.0,us
2e3b450b727fe3e888c85d52251fd33ffoi4b,0.0,th
ca76df527977e5168e1b3352cfab2ed9htipb,0.0,in
8d43ad48f315364be4d979d2e9d5ee67quqyi,0.0,om
68f092336430866db606f137c57c87e0hw7aq,0.0,pk
acf06eabed56f179cf32ab60b6b076820ajls,0.0,us
22fb740f267ac617118261b2fd3365batisfg,0.0,es
7264bde42ef4fe3fa19cc7c6d64696cf7pqtd,0.0,in
961ab8cb7952191816db53f8a11a35fe1zecm,0.0,in
99fc8ed25265e58bc94d9d95180badf4t2e3i,0.0,in
74ecf5f9adfa4dcca4dcf020209db81arynmk,0.0,in
3d9910a238a0f282ad3132dd6fc981c8tv3tg,1.0,za
f90f13ddfc0f98cbe3c2346a2e30093cq6zo0,0.0,ph
10383b390780e7b4b03dc32c94b4973f66wou,0.0,uk
fae963b2adbefc663692d7feddb50d5dxz1hn,0.0,th
19353c42feb91a216885fe012efdfb11s2iu8,0.0,in
fdd836950d203286832a21b930b9f6b58ch7s,0.0,us
20ebb9de648c6df989f04d07cf273c7b3yu8c,0.0,us
17eeec8676ad56bfead1a9406277f41cnev3n,0.0,in
6cd1bd77bbf2af6a2c6e535192af628by3h22,0.0,id
db83d746ba8e0c388805fa3fcb235743vfqmw,0.0,ca
090c77ac89c7063f0d0ce064ce3cb3afllf5h,0.0,uk
01c5692d487454cdbe731df330bef608f48zz,0.0,bd
3be127c56b2de21dfcf2836f20afe249hqkxy,0.0,id
8126928a319468b6da5edce4097d2398xwita,0.0,ma
520b616c26fc47935f6bcd5ec063eaa7w15t8,0.0,tr
f80075873f7183a03b1b10ac3f740032v6w99,0.0,in
85155ae64ccbde01b48fbf4b3f1b739exmqyu,0.0,lt
2c31770e98fc9fc7e0f1fee6207b5600c0e10,0.0,ng
e613acb1029ecafd9792c9f75d468e4bmm9zn,0.0,ca
74fc24cafc7c5936d0422b8da306365byjv2b,0.0,ng
c7d335bf99b9c71fb22797ecbd78b92ashv4h,0.0,iq
de9f5df5962dc171c7d82ab503c36dbfwicon,0.0,nl
1053ead33eb1a5db7c36c979a455348abh9ns,0.0,my
a94c16f8a98e493e2b4390b1975e690dv8cmu,0.0,ng
2515c5fd81638d5d0bca39a2b2be3995tante,0.0,in
f63ed13362ce1c80970ba28a095c2bc5kfgmr,0.0,id
c48fd9c589f273945bad5f0cea5993ba2fet4,0.0,us
7f807b2eb6c391d55e67bcdf7e1cbb3fhylw0,0.0,in
f186d292f4e83f70a92c97f92993f655ygqzw,0.0,id
4955e2c318d0bdca797ce17794ba18fblhaau,0.0,in
1af4685cda2979a608c4b6ad83473774qgicn,1.0,in
e909515a6ae94a86027c717c4085954akbpt2,0.0,in
27809fd62bebc89be450f9dcbdd25ed8il6z2,0.0,us
068450aafae2a6e390e35925d964290cdliqf,0.0,cn
eaac863aaf84acb7529462118e7953c3oeky6,0.0,il
ea0e5f7d93f2220a62bde8067f26daaa7oxgf,0.0,my
4741959d26f99012b8a6a3e3954eae40hsy6j,0.0,sa
ef9ce9b85309d7d1044ce57055705bae8pqlg,0.0,gt
33031f476dec19fe47c0e3a051a68e992hmwv,0.0,my
5948bcd0f773286ff7d5cde332c7ae6918jt6,0.0,in
72dd0e4788d25f62cc2ba942bb9499dc7quqj,0.0,in
3a5420301c0dacbc5675f6f09aac0143tuodl,0.0,vn
e0413f338c43c9d55ba53612d2068f65t4gs6,0.0,in
d6ebcf2149c311d221b233b268870b3d5gfe2,0.0,in
b8e47f06aef714b37073e72ac40a8100mew9c,0.0,tr
f0c356e136831c41884b0732ae3198e0gcy8w,0.0,za
c76f30b8330b6d14fb872b30fcfd9d57phbsf,0.0,ph
dd055846eb553ab8e953b084f2048d53bdqec,0.0,us
2736ee274114e9440463bde9fbffacaa5xky5,0.0,in
d6d68e218a6cafa246ed31185b09e1e1fsu8x,0.0,in
666e1e141862a646afaa2b71fc7d2c25r1b4h,0.0,us
124727083cd4159b40ff8d4b36a89340l6fga,0.0,id
cd856579a7c4850b60d8763520339449x0mqg,0.0,tr
50791a0a98478b7f78f8d30acaa4683dxab5p,0.0,in
4679df74080bc22e29676bddc5bcbf51gsyds,0.0,cn
929b75b44585b34d2b917ec181ecbcf298fr8,0.0,ir
b5310019f2bbbd975c64dc11189191022k8tj,0.0,in
e3ea1d5464543a1ef3a9b60394fc4ab6i1jk3,0.0,ng
01a39439e7afbdcfe385eedbddb23d76zgdrg,0.0,bd
eebfd257525e52b67969ae9d8760afff12j3d,0.0,my
3d8cccb637b990ec64d662d66ec059cfn1p3p,0.0,id
08515611e73803dc6d8c562b8514dfb5qi3z9,0.0,id
f46cfa9acdb6a4c419c70c19be4ff9523uixs,0.0,us
7339b024b285f99084bcca768cce5c7e0h2op,0.0,cn
dfd5c9157a0a771f235c32f30aedbf84e2552,0.0,cn
62ac0de5f8776ca1d189297bdea9a64cmewb9,0.0,id
024937af9ea18a2b57e4f08762d181f7s8a3z,0.0,in
b9080651d16e3d6d2d83e1c5debb55b0qpwbv,0.0,cn
c8d972b803b46212369cf1b480328dcehb9jl,0.0,sa
9e72fb21f7581cfff84e833d02538e5ar35kr,0.0,ke
99bcfc00be736e03facf0afeb79ac533cs7tp,0.0,in
82bec02fec2f08899489d7a5c35a30a0lbszo,0.0,ua
1291b98e40353f77928e363d54a13c569bhfb,0.0,in
c600968815fc32b20e0519ecfce5b648en2wo,1.0,ua
ac494ae5acf003f84ba46f5741618a8dn19qi,0.0,
ea57e35acda9a8f8b75f4d9bc049f74d7qx3t,0.0,lk
b191c73f160bb9320dd3715bc3ffed26ymluh,0.0,in
245b584befa6a5b8c759491f5f3db580p2m5v,0.0,id
481db1a88023d22b3533044bff5239dbf3cda,0.0,tr
408f81a85f3b31f8cabedf6ccd381961pop72,0.0,in
20662832566daffac929f803f0c236eaperht,0.0,in
0565a780f2c5b46837bbe9739ef15ea92fdu0,0.0,in
42c407eb70ddacdcd59d63f22caaafc4fa0p2,1.0,ng
175a06fdcf622c9455d0a77990b9302dj23ke,0.0,in
3d281a78c6a116a91baf9c8db22b56bazer1h,0.0,nl
e18e3d0fbfba81cedcae619dfa977875p10ta,0.0,bd
ead2ec4563ba25a9e9d417f1964b7504teqtp,0.0,in
a9237defb0a6478098f242b27ebcef18qrotd,0.0,my
b719671479e7d75b1ba5a5617c95ccad4dkvm,0.0,za
5e611461283a5c3e49b5bfbf9c33b7391ce3h,0.0,id
4376fc192e83a1a5d7a83085369916e8rr035,0.0,in
518e9fb1055de6532ed2df6d03fb78feus5s0,0.0,th
28aa6c505e308e49e586e25e1897ed2axjiy0,0.0,in
aa8aeba2bdd0353a108b9b26f12ed59559mvz,0.0,us
6aeab198df208f8628825f7eb3ec3701p2ybk,0.0,ru
a8561bec318a7d3a0082b35b086b4428wekph,0.0,ng
a2d0b7ec1595325cc63777f106e09fcd88y5g,0.0,sg
ea5948061b2059bcbd900d3ae7e86e428ae8g,0.0,tr
ff12cd48c7de8ffb8b2099f262ce03980dqqz,0.0,ng
31a301c70e897bf36276031abdf07ab6cs6z0,0.0,cn
e8e4603ed284adbd252a7a601f9bffe09oq6f,0.0,sa
a7454ee6fbb69c4079caf5b5b92574abi6pyh,0.0,th
037d9f10da403d8d5f94b6e2957a3702f6x07,0.0,za
17c87408ee1009887112745797caeb7fwvqfc,0.0,ph
e0544483ccbafc4842cba7650677d043n2e5c,0.0,in
ee052a24cd3164af9d08fe77bd6b79dfrbelk,0.0,bi
246c55639cf85c682d58cbd2ed6a6563vk2yn,0.0,in
01349288df20199905e719f0ff7ee771nwryj,0.0,in
179a23cad40c51dd7804069bf769d11e1ftk9,0.0,in
205c519be884c5b1c885f61c4ba8738a737qg,0.0,my
f75cc5ec8acf1ad2349e00ffc4b3191a531f3,0.0,bn
76218e14c379c12d599dae9e1c00b61a3i5b2,0.0,cz
585b938fd44968d0d59fcac453cfb3b8p8nti,0.0,id
e0824707d4a78230ae54209a920bc3e3pzdpp,0.0,bd
c5dcc8a649adae76ce01a3fa85b68f237ny2r,0.0,id
3a8124eb9fd3977e43f5e0762d9a09d536rob,0.0,tr
97b002c9936e63a1fb9994a67615e84fft019,0.0,rs
33a7a0121e28cca4e42494dd0f5aa03fdhlm1,0.0,id
d2ebe13374f25a12865d50c17af1dad7yspzq,0.0,in
9fada390b6c53ecb47e6f4eb4353e14f01xu0,0.0,uk
e959a3ae64e28a7d3b37934c0d826867o3sp6,0.0,sa
f61d93fddb01d2d89a85a132c649aa90lj1z6,0.0,id
f535b28ad58c83d35ba87fcd46624148zbh6l,0.0,sa
3d94b376bae8dd60eea48ded36134a3962glw,0.0,in
cf456f3c8c409ec4060142acfdabb5bbqpx7q,0.0,id
40e00fd204d0ce97110032bfc47f423d0bgrd,1.0,fr
a74e3962ca26514976056bae3c46d579emz6y,0.0,in
db88530db963dab43118aef5aba127ec29abp,0.0,in
bb790a228de797253bf6afa43ee52eba1s2dx,0.0,tr
7b93ccc9d5730b561ec5fa7f4bd48c04qudf1,0.0,th
c69e65de28937ebe1b94e7785afd94158thqk,0.0,my
f0f21cd3d51b7a233988cb1c3c5df977zjqkj,0.0,in
cf9a1c3af63d1bc3f55728b4a06a5f46njrac,0.0,ng
47c5cd21a74e45dd294cdd53041ec0a3dw3ge,0.0,id
c2d1b8c1b7a9c8010f5b215e8aadb1d7gahpp,0.0,in
29544507566320f1125d8e9f9a0ab3f2jswhk,0.0,kw
6f46b3e231003daf21108df4624afcfdaaswv,0.0,ph
1680f758aecded6e25096b3a6199b38en6n73,0.0,ng
791031a63c9e2b4835caa9a4cc1768baias2l,0.0,sz
dfa45994c8471762d04deb23c6450598byp8y,0.0,id
055282b75717345ba6f53d40e9e6d6c56qrzp,0.0,it
a539fbaf8b29613ff0e4f3e5831aa7a5p2cva,0.0,cn
d9177cca9a1bfe3478cc4f11a0d57de2p8ahp,0.0,cn
1b0534afb7c02bb023bd4767ae73f17dqzqdu,0.0,in
f93a998dc10a4c98f65c6b86fdff651d5i4qh,0.0,id
fb5a19240e36ae12aaccc1e9d9231144l32hv,0.0,ma
8c4b0d95ba36c0ba2a52f9043c62fccev75uu,0.0,tr
334714f005e994d46cf4d18093dd4d05fyxc8,1.0,id
10c1e1164e3f8298df9a35c891f67babiycsr,0.0,in
570910327f5584ea1ccba92634d89832lo1zc,0.0,pk
300bb4c9816a7064b106c9c6cec2f51ei13n5,0.0,ng
340bc29eeeb9b9d04eb1fb72a1a9a2444brgk,0.0,in
e03311c7620a8098b7a177a5f1ad213ernao3,0.0,ng
1e1c9332e90c1cb0f01da223bc043c528cvwo,0.0,in
a0660fe8a46b9cb6b02e7b0c50eef6a905vt6,1.0,in
5bbc8f66464ec2d962b0360d1d74bf67imj47,0.0,br
27cc072f1432f7aec4b7e17cf2e473f2x3bjg,0.0,in
ea6c07fbbfc3f0e549701b1e7b90c4d21zfjl,0.0,in
72994bece8c918a2c4c432b98780a7bdsctwr,0.0,id
01eb9dcbd0b3e79d94020d13d83a993ec9d2a,0.0,in
c9056fc0cade75299ed4438567a87d6ek44pt,0.0,id
0b450f2827ec670da34be66ec2a520213xcuk,0.0,et
cffb5f3c1f4ca815d0f643fcb2f2f316beod4,0.0,ke
bd0f0c497ef09b5c1bb18b330d932bffktn3i,0.0,au
44c75302aa4404e23781f8337cddf6ed5tqun,0.0,ar
6a5457f1038c6e1cf9feb57529ce07b2sff4d,0.0,id
3733f7ea492eef1f69f98593d2122c50xwcha,0.0,za
c755d2832026bc2a6f5d2d6df5740f06mr3nj,0.0,za
7f4e84da8ed11f4ea3a2d276f49949b7o31us,0.0,in
22401c4dc0cb1e5d52da01ebb8b2839cdoauo,0.0,id
2d82c3dc726d2bfa19c5f16ec3de5023lbse1,0.0,bd
282fe85277f7c07b0ffbc5fed621a02ezp1zr,0.0,my
c18cfb38fe1c4c01705391422177265cn9w5x,0.0,ng
6c55d253787acf5210f7d785546db80dqtleg,0.0,in
e5f43783127506211df8c6290c2ecadbyr779,0.0,cn
cba6f45915ebbd4b5404c6d357153c0adeblt,0.0,us
4a2d5b70f0fcec3ad9d8ac4b447efd6f3vs9c,0.0,in
ca391c857d7aa75a72e2d7c3133e0d6ay9pil,0.0,za
dc752fa41d974bf688d25ea9d18e9a2eit904,0.0,cn
640f41f27c03aca0c45775eb918b666cnjsqv,0.0,us
eb2c4b4493f31788ead745533e0c9a18xzzlk,0.0,us
3c0026d48f3d6e10cef6cdb1f708793ccwkhr,0.0,id
f2bf8c94172c4d71076e151cb4e136007iiur,0.0,ng
786fd201d9c952bc3453d4b3a6fa64046d8wb,0.0,bn
7fab82fa5eaea6a44eb743bc4bf356b3tarle,1.0,bf
dcd54d7afa6820e3f00e1c9e83aecc7b4f3lw,0.0,id
45cfe8744884eb207048e3cbee31ec56hd9lm,0.0,bn
6ed7b95dcea7b359248e9efce91cbb11lm7hf,0.0,lk
79c18f0460f9bd86bcfb25da96d91490jfuxv,0.0,in
f18d2ebbd5e48ef4f1ee412339d6ed7adr9qi,0.0,in
e0b6466f9f720e9d9a00d7c12b2e2c6d8xwxz,0.0,in
dcac75b5ccc362a66e7f9112f033bdebchxq4,0.0,in
3106ad6371a3b740e2af90635a4ad966zeu1u,0.0,de
c4b598fcb343bdd2cf826fc7541500e40xtte,0.0,in
0d0d43ac593a891ce100d8202d3d72c3xsma8,0.0,cn
5c28b04424e96267711d5af2db62e022tp36c,0.0,my
35a89119272ca55d7f602689616b58c3pebir,0.0,in
9819825acfa7e20c47a78bda5e76b195jh0gd,0.0,id
ca0331fc37db2b251a012376f7b987fcma2jw,0.0,id
b42ef139c2dfbff8356e8886d2b109e06riso,0.0,pl
3d54d594ffba32e8d6527a688e7227e30iq3k,0.0,in
b970a53727b2bfaf02079779c846a52fj3f0q,0.0,my
db80f065a93cc6b41d12af614bc3ec11kpwjp,0.0,cn
295fbc4ef00fe0cea7947811e78bb8aez9ti2,0.0,za
9c0cbc0fd8a6c22ae3648801ade080fek6i13,0.0,ph
ae45f9b94d86f931c84c94f3975e3d7bkv2r0,0.0,vn
11b1859aaf7fa93818baa76007cf7207d8uwy,0.0,uk
b2d3db61ddb119aa4e5f43e1bf72e349xr5tp,0.0,in
2e1eb5b56591662fd7ecd7b39621bbcfgd1ks,0.0,in
4f891171f7b09f54d8b4f30b48421f178m75r,0.0,sa
3995d9ce0cebd62d77cb8add067d93e15oezc,0.0,cn
e67abc3ba39537cc640678297a7c5bfag490k,0.0,in
57e1892d3d62d87c9ba5e8425a1958c0fn11u,0.0,my
88e24a019c32a60f2ff315a9d217ec33q144x,0.0,za
2906a20e0b4f7ce840d051c4be898b66do6wh,0.0,lk
d1f000f475c502ecd2e993c52987e63ed3k7n,0.0,in
bd8bd6cae40abb19b81b6b6a7775f63e5tk1s,0.0,in
3961434cea4339f0049798fab2bc73aekuxjv,0.0,vn
a8a5bcf248e1326b3340c88e057f59e9nlslq,0.0,cn
db5e9f85e7d180f7d952f12e5dae5900q9xif,0.0,ro
e24542c1bd46a4a0f98b0fa95d8fc40brecdx,1.0,th
8b809e18804865ff2a2e799c9a5e8a48mtxdh,0.0,in
e1fb642deec7b382433de94983d97681o14ko,0.0,in
5d02346d70f11cd61d9fb955846ee9bdp5o6k,0.0,in
3fae46174ef1a7dce5e9893775f814c4so8s0,0.0,sg
313ede314e2e05c31471fd6a93f98af713jud,0.0,ye
35b111da8e919bb34e80511be9cbd128pjjdm,0.0,cn
6b9a3d480add21788772e118e6d51ed57e3w9,0.0,us
30ef7862d69b3440ebf2726ee85a0b8397ta7,0.0,id
f8d0d52114da74d98800dc7553008705dth38,0.0,th
3d7cff3dedd8a8e02dbc551c6a61da3bibbvh,1.0,vn
39f9dad880d32ee607af7571ec24807bn1g2d,0.0,ke
8fe6da2176541d0ce24574dbb60f9107oq1kn,0.0,in
66513f72be85596a527f9f653db3cb72cq4jg,0.0,in
5b45b150b6b683a98b5bc19c4214f44cvzru7,0.0,in
01255c2c7c5578c186873422fc00fd7afwk8k,0.0,in
f04748a1437347d837a65ce04ee7d94enqhub,0.0,gt
3835e3bbf9a17a33867860a9ba19621dp4wdc,0.0,id
9ab3bca29dbc32070cd7f729ea55639a350tu,0.0,ir
c871daa6b709e008825b667b05efddca04jbe,0.0,in
644e284380171fa793695a91b6a12c28jcwku,0.0,in
2a5726bd00709641cc54a8ab5422cde3uchoe,0.0,us
10b431aa15b56084d32fe1ef123c4305wo1nl,0.0,my
c2294751630e49a4e594dfd89383b271qzp0m,0.0,my
c6f07c222aa3a9d35b0e01f8959ffd21oownr,0.0,in
573cf43253a18821e50dfae941ac287ceymgo,0.0,my
18eb8d55c84019b9196c5ca7e072b287bv68e,0.0,sa
85371e59ea43c33c7e481ba3c214e893ail7f,0.0,lk
86b6207b5e87d58ae307bdc1545a101akz0ew,0.0,in
a4c40fd7a4c1040283fb2b84611eaad240849,0.0,cn
fb6814db96bbaf61f42270a85f0f62adunxft,0.0,us
4c2699de8bc9516b09c5e5c8bae6d6c6xiry9,0.0,in
1c66f261724506bee45dd18a4d221bfeh1687,0.0,id
67d245e38ee756947ed395fa099807fchxv99,0.0,tr
eacfdb47b3daccebd9f16779c5542fe5eytoc,0.0,in
200b548999702c10f8f9fdbae9ce60622owzv,0.0,uk
4ab56df4b1befe3e2ce5cd98e8950ba2psqq2,0.0,cn
d8d90875fbcf94c3b4c5c00479cbed6e1mqrl,0.0,id
584d1d60d357a4ee1fd3b0a6a72de1dc4rodn,0.0,za
0353aa9e97bd46119c90b8892f99982esfem3,0.0,cn
651402deb28af3e3d1ab9a6b88314b591uuaz,0.0,cn
3ddd3eba016fc11b07c8a9ecb3fcc2975bkru,0.0,id
f01d8d55568b1f54b6946a1b78a3983exkz5u,0.0,id
e0e5719b5d763eb4e04c7f6e4e32884cmlpj7,0.0,in
2a4654987b59646a120ac74301339afc4eylt,0.0,uk
9211adb9cc770c78a70b55441acd146bfxnz2,0.0,in
65d3cc1725c4506fe02be3e2b24435bbbd6qf,0.0,id
7d72bde2e297ee81296adb4fd56e8800p7lbe,0.0,in
6533b670e02ccf583288ba7c8f5fb1carmirt,1.0,za
55d0b2506cef6464d799879b65c6ba29hjcv3,0.0,my
45927dd51fb4301c459ab96d48f64752q0o9e,0.0,bd
7ce12bb499c156ba4513becaa42aa8c143v75,0.0,my
b7efeea5ff94a281635ca2f0f7e8b3ca4zykk,0.0,id
7f603f668968facebb0567015ad4c201kikrh,0.0,in
9ebd57da79b9286fd67a53e61528cf63a1w6c,0.0,pl
14f226ef57ed64d8e14c8b5ae929143cgq3em,0.0,in
e5fd2ebbf5bac9ddc73ce524e1b33c3akti0q,0.0,za
3073d007a5b42b827cc770ecf4805278xvvzl,0.0,th
9774dc752f855f07b9c00eb7018b607c0ymxo,0.0,in
ff566c87f2babf3dcd67be286e1c6666cxzh1,0.0,sz
3b947f8c954acf4354d2c3bdcd494fb0x54ee,0.0,mx
b1bc9ff2b98df742affda07c5977c7345dpm5,0.0,id
05c6b93bf8f083b2d0a03ffc0fc3524ba8fi5,0.0,uk
56cfe8b0d574e1df3f823c2cf32226eff52uw,0.0,
c0d065cc8cb585f027143f2ebc6b49f01g1wr,0.0,id
ec0c9e98cdf302274974ad212477f851iw35b,0.0,id
b6a7b5bba132a90e7c7cb350d2bfa52d7sion,0.0,id
dd1675bf26316cd4630087fb47d0ff8fsug8e,0.0,pl
1bbfbd968c065ff5dabeffe311bc3ddeezbof,0.0,in
a664b6b42fd48403fbd34800063fa50bz6k4m,1.0,sg
e19f258fa5019e58974b562a8e1433ccluztk,0.0,za
4703c8940eaa3f3bf5082ec2f155a8619i1yw,0.0,id
a99f91d51e8d9f5786dfa52e24292dfebi55j,0.0,pl
c9fbbfcc89730e961499b4b30ffc4a98umxko,0.0,ke
a60101895443bfa5d4485b9c2c3e1b68t5ppq,0.0,id
5e8bf58291656ddd5fd2f71825565446aiopv,0.0,ee
20a2d48ac3400228e7a0296aaa596a0fvckdc,0.0,au
9be87a4f123366660d7f6d40ffa493a8ffpsj,0.0,ae
662b66b1227816c2f9017cadbc148381alne2,0.0,in
84bd02dc56fb7c3402426ef7e8e166e2ptwo6,0.0,in
42cce5c657dc7d99911d950cb22fcb4fmzz5e,0.0,in
8322695c21cb27accf0fe269438bd78fn3x44,0.0,za
679d60378d42ca9d3b8a28073fe14fc7bv4jh,0.0,in
51d2e1b98b7a1e42b939637dc6e11381zu201,0.0,ml
876b122982958678f14bb25d887dd79dun3qa,0.0,id
8f6f7baf33fe2a5206ed3ca88446a99bmq453,0.0,th
061690ceb6004807b7906968bf382dfcbve7y,1.0,my
96caf14832aa8be04d98aa481b320392kb2gc,0.0,in
a3910fbd35b7a0c383c9805eafda616fra4xo,0.0,id
ce22684df495e376e32ac95d3ceb1164t37l2,0.0,gt
37ebf34eaeb8a434976416c34ed5c6d8ywyoj,0.0,in
2819b8b2295f272f33f8e76fd344ce6bywj1p,0.0,de
29b8af2fea3881ef61911612372dac41vczqv,0.0,
b1729d5905e896a8411f81bb65d66343ladls,0.0,in
c1434e440370882ecf00ac52140f7adbuy1e9,0.0,cn
8bf04b0a219c7834b25057c0220b4d0dhwdsg,0.0,us
790c497536a2a9fe080c3b2ee6d5eeb9caiv8,0.0,in
8d8f705595701b921012777a281a553622300,0.0,in
9393cc68d0357d7b200a94fdf93ee3cf7xg5l,0.0,th
445305769cbfccafc89ff5ebd004598einesy,0.0,in
be3bec53b42be118ef2a87fc40db7311k4as3,0.0,ir
45c3a73b88760d4390f42ea4fae97d84la5wh,0.0,om
9f793ee6e6df7f69b5a5acb4e13db0476b26x,0.0,tz
0318e0a173f7c65db40116b903884c854x258,0.0,hk
6767cffbe2c0957492aa451560655be3hjd6s,0.0,au
06a58d4af0fe7ee15324b0e921e8de1260vef,0.0,in
012441119bcf83b23d4768bb72cea6d6carua,0.0,in
2d6a70a8341ea0fbe4c8537ffbce919etg4x0,0.0,cn
b725a638efd8d51f66ae2f22ce1df678p9es7,0.0,tr
8cba56e5e7c2be942ea8472b73f0842fil1x0,0.0,id
0853bead89b03dd38a04d84f4312da7dukglz,0.0,in
cb9a75312b809291306c6213ed5dc67dw31qz,0.0,ng
01067975436d123f717ee5aba0dd4bbfa0937,0.0,id
953879d32e39e014cf8ce73daa2547cb2ke8t,0.0,ph
40efc98d259ee36a8c2a387ba49f39d0fa39h,0.0,id
9aca61f505f40a3b4f7865c2d00e2418s0e1f,0.0,in
d7340ee3c04e600c31fd2a34c760f7e7d26bn,0.0,id
1ac788675f70655e71a013892d701e901kj13,0.0,tr
d8ff621bc161b09d9192c445f4b3be7b8xow6,0.0,id
e4a9bdad09ebc5d5a264723855fcaaad6q52x,0.0,in
796961698c2f2442e73c5195062370caawzzo,0.0,in
37ca0d0ded383d709676a4f9729ef39cpjfh4,0.0,us
84c4b58a1491da3a30710bcdf61f87054xfq6,0.0,th
156f4a8763e602ef789f8048c6928676a1ily,0.0,in
d0b096df6b5ffd2efe8d5cfad4a24912zs3dd,0.0,in
1b268ea4fe034638a92d683b94bcb330vee4w,0.0,in
dd7292cdbc81ebfb87945d9ab176d679gepf0,0.0,za
86091a1e6c99358936979baf67d54457x1dzy,0.0,pk
222a0e05442fec0af2d20ebdcafe4b28c2pi4,0.0,my
b0164d9a18a3cdf6082e96f9708040690qcqf,0.0,fr
2797fe80977297483e724b8390161c937dh4g,0.0,my
e9c8ee7f783723fe8496dd35232d88f2or1r1,0.0,lt
1e0b1a6ea8d307cb61e221723534c4dclf9w1,0.0,id
9e9270c06937bfa13f5b29e737c3438fcocyn,0.0,sa
8720f071e045d4cec9d707c583a3d64avjyyy,0.0,my
34a7ce35b13775be4e20930ba2788a3ebu5n0,0.0,id
05a07a27e235d01fe480ea6ac73b8838jq28x,0.0,in
7a71e329f3f2da98a3f82e7bfcb705a0t5822,0.0,ph
9c223f867c65938ce8623fc41bec08485xddt,0.0,za
6db047b1bdd342c09ecf9f5eecccaa4fy5l0q,0.0,in
936d542904f515ea87bab7996497b11aszyco,0.0,za
163097c029285c7eefa2d60e474d65b4ap2l0,0.0,in
c97dda0fd2de7d82d3a52eb6c0788062h3tq6,0.0,in
44be920e88377290bb204795f05a20369jp06,0.0,tr
bba40511c6e56070602e8dde4229ff923zbuq,0.0,in
cbe756ce81f5c420a1f7079791ed9aa2js2u7,0.0,za
e0a87bc26e13c599894d7a5103fdca786tfat,0.0,us
10f1460119f9e42bcccd0f68ef59cc830pwtq,0.0,ng
f35082c6d72f1f1be3dd23f949db1f577t6wd,1.0,id
8ea020a1fdccfd726f74ed7e90dc3400zy9iy,0.0,ng
99bfa04865566ca88573ebfd3c7fb1f2c64cr,0.0,in
c6108e22518279361de99b3c7c298235mkoa9,0.0,vn
b9743f78108aefe3995e1c2291b5f3278cgpk,0.0,my
b77312a06d10e22e3caca85fc7fe0342b2adf,0.0,in
7daf0e51b276c6ab5bd2ccf520dae106graj8,0.0,hk
b071545f5ad73150880c42e780d951bdzvxn7,0.0,in
676ad0665c9bf74329ddc1f70ea48c16stnux,0.0,in
2eaf4eef52d5b17615d08bf77386fa42yotej,0.0,tr
fb7c9b1dcc3b44dd69e42a84406117db4t4mn,0.0,tw
47d1dbfb67706772f8a44f50e5656602z04rc,0.0,de
cbc71ae3c3690c89485eda3f08b9bb51rqrxz,0.0,bd
6b85d622dec4fff284d55895eba9969dqlhu9,0.0,ae
80bf6ab93fbb8316efd5c0b42d4b46c83qrdn,0.0,id
7c965df16147f68263573764dd257a7bxqmpt,0.0,ng
060ac64ff78ae62e9bc697192cebea333760p,1.0,in
1dead8a9cc54fdcf7a7c16dc6e06a3bbusgcu,0.0,us
fe4906ac4c8e2db5ed5a71e8a9d10080u6g7o,0.0,in
de8943f2b113702c98ef695888b7d0c6my29p,0.0,in
2d113999234e06201c0940286d405453wqjsw,0.0,id
055eb52087e0080b8ebca74be4f823f5c819l,0.0,th
aba1120a5b13cf72c1d52c0dac8aafc67nmoh,0.0,in
5aae3111e4fab04fa5067c740329a38d11361,0.0,ng
936d73a062928a362901f0e507d57b0a8rjs7,0.0,id
2db8669a6d21a5c8197d4287ea32b7883gv5r,0.0,vn
6713e820273f591bdff7d26a48ee30c5k4iii,0.0,in
6393f55c093e04e6e608e1ee8be9c3e28omjd,0.0,pl
aa7e36069de119ee3ad7c4d8c925fa3ekrs4i,0.0,id
429f301119adc32d35541dd4d60903563s7nr,0.0,pl
8ac7cc6a62b82e675465e89f67ab1f962ltgu,0.0,ro
fd1299f1343236dea07bd0ba5f8ca220csnv8,0.0,in
9d98d3f00a0c0bddf35470b0fb735fcdhiriy,0.0,in
0fa357965f89388d8e7eb8cbc3b85c6bnnro4,0.0,za
b7e16fd4fd9ff04b7d741b70730b7b6b1aw84,0.0,in
80130530788e55de6e9fd515271859d1kgfsd,0.0,in
4882587d42b3d7d8d7bec4315203f10bl2fts,0.0,in
452619e019e5651a8d98e3d59a478b7fez5e0,0.0,id
cdf76f38b6f46a3bd396a99123d26909xq5c3,0.0,pk
5f7767924aa92a8f01b44a7e09f00a4dgqk8e,0.0,my
46c0ae10d60c4fde2b6301bbafecd7b8dcla1,0.0,in
9f101e80580cbff55a2307c028408a91nebzc,0.0,us
bc7722baf876d0735ddc885691eb687bgz365,0.0,in
cf4eb0f68d47e6d4b92befd0b8fff39a098cd,0.0,in
a9062f1d7c589bb01ee0b330ee8791fc702il,0.0,es
cc78aba7eb8293a1d70f083bd747fa1450906,0.0,gh
a283eb484c3245e5b12b18daccc075e9g9xk4,0.0,in
9af8e7dbdc3c620c8144d736242b3bd2fdbpx,0.0,pl
420e7aebb49d7ab3c04e109a98e152d7kquiz,0.0,id
61a4da78a5aa5bebcb3e9818a46771766gtq7,0.0,fr
6f7043cde57060a6766b551df5fa6fd9p3ojp,0.0,za
38125387ec30412c438280af8931254dmvfgb,0.0,et
ac94684646bc6f708dcf4566f41ec05es9v44,0.0,za
73d4cec0ad358d272d757e0fce8440d01fvw8,0.0,in
8bf07d8631a2808f2c869e27afad2d41swgkd,1.0,ir
fba0c76970a464cfa9c043c906442f0eg53a2,0.0,in
b1410ac124aeb5ef6b06667786feb742tijnw,0.0,sg
f8c42ccd10c3fe515e53082f0cde9a18oxgws,0.0,ng
6e18a078182a21b8522bb69a822cc338in7rn,0.0,za
84a773b3c9d300834d9d57af5dc83091y54cx,0.0,bn
af5d33f9724b0e8c1f875406c0556d1e6eotm,0.0,my
e2a61feee7f94b49d7de1ac6efb237c0fjt1z,0.0,sa
1717f6d4c48ae8d3e5f2566d4bb525f854j6d,0.0,za
284cd72e028fe176f935114521ee998c5jsko,0.0,br
52d8066e28f168e5bee769559ead307e1go7e,1.0,us
1e050a096927d5b34f4a85d3af28d30eybsaz,0.0,uk
a9bfa54aef505d65ec488d8984c82a7bf0fjm,0.0,bh
a6ec153fc7002cfd929b9f7199914cf75upgt,1.0,in
f334d76f60cae7c67ab04b9e5cc49907hqsc4,0.0,id
03a1e81cb7bcd15014489a6f752c9d5b7pvel,0.0,th
33189c09ca7067834fd25a54920f82d4nd7a4,1.0,uk
d8ada60e3b7204a104bba8c073136bb40772o,0.0,nl
557f06b312e040ed3cd7dd2a011cb83avyut1,0.0,pt
d4be674fce23aae81c4cb946d4fff8671gxtu,0.0,id
d38b2db568fb71174bf883554bea939ccts4m,0.0,in
3128932859bba46f57cdd19579c42e05lif6h,0.0,za
48044b1b1f47f168864bc7c4a58a65ecmt187,0.0,in
4c2af41637c123c78074e46a22526298vol9h,0.0,ru
e2bda091a91082b774d59f2c5b8480ebbijs5,0.0,id
ef905e4d866c43dbc345751e7fabe5a568kjs,0.0,bh
18b5e850a1c10e681cb5fae0704a699018x6f,0.0,sa
9f60e1593604631e10ad2677c51055c6mv205,0.0,vn
3d48d4b09fc7559bb6c129fb65c133808brgv,0.0,cn
c8e474ba549fe924bff9d3f585a9943cg9aju,0.0,id
1bb03cdb913f203f704caf8bf6840b6fbpigb,0.0,vn
1cf0d30e0bf9f4a536b1fe16ecc26cd22j50c,0.0,cn
183c4e44d09bc4ab990b957e765af311vlup7,0.0,in
3bc8edfa1995a99110b957ee98fb5c76nkl7t,0.0,uk
4f07602a713c192a941204b27e2abcf1srnke,0.0,sa
89c8eefbf6f83543ce0792d1e4b86057ti16q,0.0,fr
916aedb8fd708e100318969dfe57a4639hexd,0.0,in
403640a20dbd2c4bf554e558de137deckn70o,0.0,in
02030ec48b7179a7fd9950fdf546e3feekkye,0.0,za
fa6b4da229eb64b4d44e7d5ee2b027f1j1whx,0.0,de
1dfa6e724441ca3c913b3d40967c17b2p9xr7,0.0,sa
86151544b29ad273209ec4605c257b089z588,0.0,in
f27321571b5b6184e86acb6203c766f2bsfxg,0.0,us
a4630d8b78c796441a1be187f6907b11c5eu0,0.0,cn
49c3957287d24e69713e4355933b74baoijix,0.0,lk
d2fc5291537a61882065e571c21e796975uy0,0.0,in
612d24dde60a1b42873ab7b50944c6dad3dcb,0.0,in
e2e14e8e15204b504b146d17a2bed925qg3u2,0.0,th
0141844fc725a85e38e12cc02fcdbbe8ofqxv,0.0,in
313bb0007cbdd82f326d58c96847294c9hz4k,0.0,cn
c7ce5ac2fe5f03458fab59c78b19bf7c9wzf7,0.0,in
3e85a43950c71b1988a814682abd4392yakvp,0.0,az
f0567f6d45c0f83b9874681fe8dfe0ba6hjlf,0.0,in
a1922a9ee4f9f5d03fe11816c2cc3eb9ivcbp,0.0,zw
a4734769962126673e975a627e930b5fgc79n,0.0,nl
d645e4b8b043a18bb1c8689572ad4fe16q3np,0.0,id
39802378690e7d0c61d294f5898852b96hsfh,0.0,in
ed5fc53d096bcf1b86c30128040e775334ut0,0.0,tr
0c57d8eaa2708b768416ca91dd8daa2cqbl31,0.0,za
efdf59a8ca81c5d3744f9121ac8fd2c7coy3g,0.0,in
86a3a9861ed45158e964f9d004a224b3324cl,0.0,in
f9ab998f3adb944a1cd1847a097fbc0bw61nf,0.0,in
58c3300ea9095cf5e59e27abf2a905ce7tl6p,0.0,de
e429d13bc2c7acc82d8d68fa020546c38v82z,0.0,us
90eb8151eb82441b084d04893151619837abp,0.0,mx
c41f5fb84d9f9e2456a5264c79919569vrhau,0.0,eu
e0df56a5ea8094d070b0130d7178a996noolv,0.0,id
b5a92183d20e5ca98da4065c874e0b9dezbhx,0.0,us
0c5992f18244e24d2d7b4708a512378729eev,0.0,th
e4264fc4dcd5f917ceb002d860441370s054e,0.0,in
18bc9dbbed75b55f35ec4be1351b7aa86an68,0.0,za
0580f2e77b4c0dd3b5cda8a1641cb9fenmo0i,0.0,id
abec779131ec6bd32f5e32ed0f274400ekljo,0.0,id
25b58d1533e04571bbc674dab28973f8hha3w,0.0,in
b2a19e17e1b9e0bca8e4563efbff5fed7v9xe,0.0,ng
14b2d98230228eab6a6db3efc41660d7kp23s,0.0,ng
147164a9fe8a6bce381a224e9f13207cc1mdg,0.0,ke
c72012c8072e2441b3ba8173205cd298cde8a,1.0,in
ae15accae2164aae084aef7e3524c1fflq962,0.0,za
98a5197faba8ba72d6ee9e1c95d65d737sigb,0.0,sa
b79560ebfed7c8cbcfb97475812e0836twsnm,0.0,us
5920a92dc2b65e257061017a04eb5361tpa9b,1.0,in
d95c969eb09086bbad373dd8ee80cacbuagvf,0.0,za
2d9579812895729581ce269ea17462197jxvy,1.0,th
d9ffd2f7f3cc1a546586701c2a6fbda24u9ye,0.0,in
173991472d4ee18932f8514b9d4a9dba7rjqa,0.0,id
dc87cba6dc8717e219e9fa9edcd10ae4a2i86,0.0,id
0a7446b63f183a4928ae762ed6cd1c4b894qz,0.0,in
c89ad997f646e388fe375d7fe33a3727dzrh0,0.0,gh
f19531503f1485a3014189a80971c6fb0d9fu,0.0,us
e561791343f3564a6fc612a98b5f3df34rxok,0.0,ng
8acae9b2e5454fbd92fd0b3d79fe89ad6w2wp,0.0,za
06b2d71c26ef3b6e29277f761cd0db90wuwjo,0.0,vn
631f923b7bcf91f61a2e9f96520bd8c8vtl14,0.0,ng
eea590b4da2709c294e8db490f5997eadyc1e,0.0,cn
13dfda714fb516e1f9f7abb0c927bdc2zmw55,0.0,ba
4c67576a6f30a158d16d790a7fc482b0zqxue,1.0,it
b1c2e7ee5c69722df6233541ad5e784eutiv2,0.0,rs
f3a249f6a5c2c88ddd8bccb1f8a85fe52xnkq,0.0,ru
d13cd9e0a7b95c0a35f3456014865230qku5q,0.0,ng
98eed7cbee9b1a1b526a635648e7cd2fhbt5w,0.0,id
2b044b4b7949b96e38084e59b5d1d328jib5o,0.0,in
45fe4f0fb849e7195a1efd5495d1285f2culj,0.0,ar
414af5edf09c473bde75644b76a68e7feesrw,0.0,us
23af639c0bd57bfe9bcf3b16973d58b7666fe,0.0,za
3312b8e73417810a88be459d75fe9bc2xhd8v,0.0,in
bc3b92a81586cb726cbf4d5b418fee41o20sj,0.0,id
14bcf558addd6e6f2818ab2bda7dc679jqoon,0.0,za
5830a96593aff3e951919578f7374f09pqyc0,1.0,id
0af208c4fc46ef9236052ff495016326zxoqf,0.0,gh
9b733fcc97535e27037c231858a711adyzvqf,0.0,in
44c38c27b9de757c8c7c05cf07b7e3eb14qpt,0.0,id
a6d6f3f5034886fc00a1245b439de13a66ha4,0.0,ro
1dab9ffc5c6bf06e86e0dd1b3cb9ebecn5pu6,0.0,id
8251041848182e6468c8119905a177dekmshg,0.0,in
c59f4511da2e8dfbf02668a49bc391895wk3u,0.0,in
7622d7085237d6b73d08e9d70ed11fe3u8mwm,0.0,in
61337802cac534b7e7711793039782d6f1yy9,0.0,ng
c8d3fc73c1a41bf92a5e4982eb6cf78du8gg5,0.0,id
3e2e03a4464642627e223fba066182d1qslv5,0.0,in
6a1d4042a5f3a3f34f5b3ea753ecce30l0qj1,0.0,th
7c08de9de285265b2c34970139331f9fnr9ad,0.0,id
42f754cb72e01c08005598e1f9383341fn7xh,0.0,th
ccc371d7848a80bc31941248b9f49b95hn694,0.0,in
260568e07963ce8351f3313bd7b9b0e2vonva,0.0,in
c4d42d0beefe49d6157c546a2504f4db86hvd,0.0,in
f019bd7ec140624144c4a9b40c42bec9jok79,0.0,ae
213a7fb31eef8b38a23ad6b0bf2c7fd0dx3vk,0.0,tr
497b8beb19a7f674bc53acf7f5c7ec8cxv68x,0.0,sa
511a640e38bf03022300f5503cceb2cd3f361,0.0,sg
669c6a0e8aabbf0647e8ee6e150c47b18a4pu,1.0,th
d3ab33e9314c95d6806813171f292299tmprm,0.0,ng
2fe472c1be232dca314d4bdf0fa95165rjv69,0.0,in
bdbcdf6a935f4d1781a2d33bcc4967130bdqy,0.0,my
9a12aa1aa3560062c6f84bd374eb5f7f422vq,0.0,in
bd29e36cbb063cbb96ece76680ffd9121dy90,0.0,th
d2fe98eb0fa21252956184a98138c58dwp1ah,0.0,pk
ef89b74b58c49c1a321d3d7ce061d151k51xm,0.0,gt
a2933e33896035761240ef5a62477779jf7ny,0.0,th
1ef47d501d4b36498b51e184b1027981xu89r,0.0,qa
43553dd8b9370fbba5efa6b652d9b43ezsj11,0.0,ma
339b8ca3185dcaffbc3ebdfd960020e8es0as,0.0,in
6be863f26f22cd79be272789ac7e9153v27yt,0.0,id
cd35a3230456d4a245806e476c63e9a1evu7i,0.0,id
7d8d3493942dc13742444f28626c5839axjqd,0.0,in
a40808ec5bd9d0440585286f1658c3b1ag8dt,0.0,in
5dd3494b46f39f8c8783c25527b64dd8hp8ti,0.0,in
c9e1e860e39bb7d4dbf3c91c5d6c36c2dv4tp,0.0,jp
f7e3635c9a532fb9a60d6eda6eb7c7de3uqs2,0.0,th
aea096a392f55d95c3e45251931e9755a9t3o,0.0,in
05ae7ea9549ae298bbbc8002b4229392e0ilf,0.0,il
4d6580da346435dff2503c55ee5e0cf8wbkb3,0.0,us
5720c8d7bc15b94037cd75ff9496a35evugeo,0.0,id
a5fb60c136b7e0a6d0d6e27cadb2a797225r6,0.0,th
85ac49e7f93bf0e20323de78362bb4aadnwia,0.0,in
69e97e52dd6428671f46f2ab6567172d8mfar,0.0,my
b34fe965c04012fd22123ed948257184pqvfg,1.0,lv
b7630ee9a73e7ba6f11f7717b7f03ed4be2hb,0.0,in
5d5816d216122786933fb74c459f35fc0vnac,0.0,ng
0bf6e0e5184b3599bbb4ba1fb3a43549ije34,0.0,mz
8ebc5b544d62622e45e1ee22a56265e0xwwsb,0.0,id
613fe9b896ce3801e40212b3c8a8053c1e8nj,0.0,id
63e3851eb5e1ee98df1065b333f6cb81mlby6,0.0,id
72dbc4a9f579a9444c126a0a67118783092ec,0.0,mx
23f9a0e1492c4abf375823266ddbe36bzukj3,0.0,my
de3bbaaa3bbc1fd1f751d23a972916d80q8e6,0.0,in
8af01eeb860c2e6b1512377f28953110ml638,0.0,us
d9a813646e8fae954898c1279196f5493gqzc,0.0,us
e9b27622a64f2eb9dc7559d43bc45e31yci23,0.0,za
3ef757c3d6a272681c69bbd7e071b705yzt8t,0.0,us
76d4a0147a60d871867f00adf45cb792w9c6n,0.0,ng
84c7bbdc12233f88f35c2c3b8f178803ta03m,0.0,ng
70c6727cc40fdc6f752b28102f31a38b883io,0.0,ph
c1624207d78346c3c58cd44f3d5472fcriae4,0.0,in
60849c6d966f178808d94543173cb93dog4gt,0.0,in
42025aabb56a61f3bea90d27b283b517dyk4t,0.0,id
99ca795998fb781a42d85f1abeb50482yzffz,0.0,bd
3cab5bd983f5be9c16789b6c14bae982nhi9c,0.0,id
e6f73230e0fff1d9a6b1b8a6617002ea9owig,0.0,br
877d96d9abeb73e437a8ebd74abbbf45p8s80,0.0,id
ca5730b8dad8f35fba24b68c9ca5d445mp87i,0.0,za
3105d663ef3dff7e483a46c56580a9f9kd7f8,0.0,ar
97ac4a68e5600c4b7a960d9580d4f251470mc,0.0,za
a32cce991a2f597f6e5a02605119f99b1dyq1,0.0,sa
0817731a4d2e319f6f771da3f522b8bfv6njs,0.0,ar
3df41510a5044de5438015f37dfa3443bt7pp,0.0,
047558bebab9292a5d4c85d6ee768784j2hdd,0.0,in
a6214d8bf07127661f322afa7c8dae91ypizm,0.0,in
85499f83c5f1674c87d0fe77838c4da793u8y,0.0,my
dd76fa7a75bd0e1921f71d255a8e0853l4lbi,0.0,ke
a0aeb6de8a21a5b776f63530ed753fdb34k7y,0.0,in
bfc7a0819397d910db7c24eaba1ed4c68dwiq,0.0,id
693085cbb28f505f03b025dac8681a3bvfot8,0.0,th
40829191b83242ef1f380f90876cdd74mrqe1,0.0,sn
67616fd2a1de5c46e32041354efa88ceahbhq,0.0,ph
309f446bdb138faeb18072285ccd9901gz80c,0.0,in
3043fb0b4a1904222f640107f84d6f799tves,0.0,id
70daecd44c89c37525aa2ca294378ead4dggh,0.0,in
4dbc8d336dbe0241c9bbb0f3630f25059yo43,0.0,ua
54379b25f1f35d9df78da9cd774cef74u5wt9,0.0,pl
5bb3c3ff71ef6560c7600c512128ffc8js7py,0.0,za
8215dac41ad35a074c93bfcfbc0f908chlo5n,0.0,bd
39a5a16e5a67c2fb51789cea4d3091f0mv996,0.0,za
a2bb8b3e3ae4566203eb5b3021b4d594pohf7,0.0,id
6feec0741a319299c78c47040893399ebas6q,0.0,br
63c48b70d37dee5fcfb26f94107ba3b94d90p,0.0,th
a6414c637c6f1275e2c62c48fb238c5d5aw03,0.0,in
eec2ea9d9b292a343f8ee566ba252baapagwb,0.0,ru
fe6ed3a12fbbf5da4980337564361710v2y21,0.0,au
f3bb3c26162cfc1b8c3636a7ba126010na3n4,0.0,id
95efb775460080c0da57e154f27876d75xnsx,0.0,de
d26cca81c93b52ae3564aa6cdf33f5d5mkliw,0.0,iq
d092609f5140c62ec64ddd7615c25792qgdrd,0.0,us
78a444127a896122678835e12ef507deh01hn,0.0,za
89291354b0939c342be97fa58e018bd89fvcf,0.0,id
8e05310a342aec93aaec69a638e83a96aqyo7,1.0,in
6e848149cabc4434155aacb610fb20de6vq5b,1.0,in
70c31e8b3476b953648fd4f8775c1950m1uz4,0.0,in
fb81da0790d821a22617d748d0226540ylrj6,0.0,in
3550d62e04bd3a1239eedbc29d9c970279b1v,0.0,za
eb8f9ca4a23586f5acc770fff966f654dy7g0,0.0,id
ab0b0de534bad49af05faa626b88389cmjj8e,0.0,nl
613c7d60152ebf06e3a7dd326ba03261mnn8u,0.0,id
fec57d2db5692eb144a71aaa35a11b58delkw,0.0,ng
fe19fadb955fee4c5fcd0e30e56e1542kx66p,0.0,my
1afac423a94778ddf9b6c1dc0df7105cgp1tp,0.0,za
c9f94611f4c9afd3a3153da9654e7310jr201,0.0,in
8bbb16c0a1bb808389051c875ebab1cea0v56,0.0,cn
f12120e467869d3d5dbf7c7d0566a8e7bmmhk,0.0,ru
497ef6187e03fd9d4387ac436461a40f982dq,0.0,ar
4ac31aea605d17045ceedbce23eed239omved,0.0,id
c9a97c18992adb02e6c2e6a8f9cc1daa1di5k,0.0,in
24284d3fc3334e0adeb6bb95637ca62d6dm96,0.0,in
9e25bd3696b4e1775de205d2d4698a0df4s14,0.0,in
1a9765ed302d0f91b512c23112066e41s755q,0.0,in
93ab2dedd76c1859885cf724ebcd987c9ngfi,0.0,tr
c2f592fbdc8980229367e1db4d0f7a51my54g,0.0,id
8d638f6da12614d6b369249410c3d278n8qme,0.0,in
aee383561c0019dc01552bfa5263af8etbuc7,0.0,au
9375e98d0810ce9119ccf45300249636zfpd9,0.0,my
1c950af57581698616bd9923cc94fef25n5wh,0.0,my
9d1506d6779356dda24ed87d41f3be39yn1rc,0.0,sa
01cda526658455000913950f20cf31a2q6nsf,0.0,za
c963c2dcbeeb0b7051bd3a6a87483ce6i98xx,0.0,cn
08981037e7a6c9032716ff25b15c9de25p63s,0.0,th
fe6adfbbb2fc1ec0c3edf6677204bcb245uf2,0.0,th
92ce3c44edd41ad3222481daac1ead35bouwj,0.0,cn
d7b66d95bcfba06122dc6f7a3c605fd73239a,0.0,my
6182daa56cb0623719228c9e576b71fcpg8r8,0.0,in
b729f60d26fde89a01f3fa89759d6b07t0ec4,0.0,de
36e2e2f32a3872d3e958c0a58ee79bd129xdy,0.0,in
50a4bfbac8a9653af4099ec1169f684c2nsgu,0.0,in
c7c854748038ddf37b8a9c4f5a28073fsut8p,0.0,au
24108e769a15b155bd2d63c58368ae5946zhs,0.0,eu
5fc9437841f1dbbe63a3a933c48472fcohutg,0.0,id
e2165ff862178c7b2946f7f62f5a3e51wcvaw,0.0,cn
673650167f432c009e9dcd062cd4e9fc2szln,0.0,my
3ded667003605eb856ed1aa2b82c1732gtma1,0.0,th
cb557e4675bf4f36f93ef5599adff545nz370,0.0,th
d6517684989560cbb0da1fb2f5bbba9b9y2st,0.0,in
361c6da33ccd1c0df152fd932e6fb2a69i4ux,0.0,cn
332484ddd66b9a3db89ee68f08b1288amq90u,0.0,in
f5edfebe95b4f637d1bcceb892b73dc7rhn7l,0.0,id
28b4c35bd90c81ca959da328806469d493mvj,0.0,us
9685887173cc2e1e5ee3993832a4b153bfl9m,0.0,in
716079d1913959ccae0307f760bcddddt6d4o,0.0,sa
4af5e2532224f9f7d1d039704573d9205jbkv,0.0,sa
ed5ee107143980558fae26c1b5c7b81a82spj,0.0,id
5aeb71cdc92fe5d1c4a4e127d7ca7783gzje9,0.0,in
292dedb5371b8e0ebbeea57f14b35713e2ie2,0.0,ca
4992da4511c3c1b4efed3e16c7d8dec65ilfj,0.0,uk
519c0f3b989c8e1781e0910f685980ce15wzr,0.0,in
ffacbed056cbfaa60c1fcf51f0d381bddr3ly,0.0,my
37702159c6cd2c1a21cf66600e96cdc6rdbff,0.0,vn
8644c9765c64da22776cd67eefe0f498u3aaz,0.0,in
6ed39d7c89fa2d423017cc9811f0c469i2157,0.0,ke
2b19566f190ff3b8a85884e03c64fb56ir8a8,0.0,us
fdad47d27b793b74470086c35333d4fepycsl,0.0,ng
f3ad2931359bca59c36ce55ba82f9af8enbi8,0.0,th
e22850afda081aba360cc18e2a9021caqjjov,0.0,cn
a71f9ab1d130394882cbdab3c886f1b0fm6hu,0.0,in
98ad4163bb0b1abf72f165056d4bf1a1g8ekg,0.0,us
bcbd5c95680cab78cf904fb936dd03f86g19z,0.0,in
30c3c92cc9408f55cfa895ff8a505930a3yy1,0.0,za
764234598477e02cbf8a43983fd43850l1c8f,0.0,id
e735a2301a18772a8276aa1f17ef79efu4yew,0.0,et
3a32eb1c6dcc818e0df4953e978f2e89ljhnf,0.0,in
c08ae3075278ed0d139f00ead52ac2b0oy8nw,0.0,bd
00a0517965f18610417ee784a05f494d4dw6e,0.0,bh
f9753e9fd6e25e0a1ae176ab95c31146iaqnv,0.0,in
83aa7c2c8c018888d9ebc6daf63bddb6f2i0d,0.0,my
17b41c48d6f53585c7bf3b65977eada0yxs8n,0.0,in
42e631af9bd00e5e816f08eba3b102d5ch576,1.0,cn
49eaad86d095aa5af75ce34e59e4b7f1mmf9q,0.0,rs
44d34926c0863edb7575b819980e0e728pn5b,0.0,in
171fbac128e6dcb51d0f07cf7ed8bd3er891e,0.0,sg
e7cf764619380e5303089f04bf647f10thebb,0.0,za
f01e3769fdce36d31eae85525827ab17xeu31,0.0,in
fbacab353140582a4b8ae3412eefecbc753vs,0.0,in
b0973e698b12fe51ec2f259d924c6098rasmy,0.0,in
a7c910e7c7796d979aa9a7a31d74a8eaqsapx,0.0,id
da2841ffcbeabaac373f00039c10f39fty6fa,0.0,it
098bfc9c440f9ba9e6371f774ec6a36fa0sq6,0.0,om
ed4802c318a7e04a5703ed115fe4f3a3kkugq,0.0,my
c6453f296ce36005d7e7e67e159e1b7cdbmus,0.0,vn
58f590a56f480589646d255d570b0877zcjw1,0.0,cn
b853c1e4d6a4657d35705772ca6cfdc3qtox5,0.0,in
a48837ccd05bca96ddbf02c55ecccf639adk2,0.0,us
b1e106943db37b1d002bcbe06b264b8bahuy0,0.0,id
a8c2410eb81513da23261a49135e4eeacw6dw,0.0,cn
11e47dc08d7fa4d1a1953b5868892f72qvlho,0.0,de
c5120d10a23eb0c10d56a19fecbf9da85t4ow,0.0,in
4d1542974bc322859d3d099b8c5193felot1k,0.0,my
465c4f2ad08cc1e5f7a5e1e3ac75654ealh0g,0.0,in
30da67f34e3cc215b3bdad588410fab5655fx,0.0,cn
ec3b2ff6f725e847f93285bc9d2b7b3dvcd4u,0.0,lt
1395ca662a02245233af951cc7ad8313vk6w0,0.0,in
9ae9782ecff93ddf1c6fa13d711b9fe1gc266,0.0,in
08353687608279ddd83e4d36fadd1cd8ritj3,0.0,id
649b364bc466208e559858f0677b421dbnalw,0.0,vn
1530008a712831e35a673d38959528f4ozipv,0.0,ro
af14436f293c40a9904d9f06a323215bf7zdr,0.0,my
559bccfe60c7193963f09388fb681ea65k7dp,0.0,my
b9c59dcf41cd0a7ba779154872019cabmohkm,0.0,in
f4294bb3abb69fa3183e7e851b58b278k83z3,0.0,us
cc4763c97c3d7cc9116e0a51a6d1f2e82242i,0.0,my
bea63152ca4d99f549999ca57b93d015z9kyh,0.0,sa
2137e2626c568af8e56bfb72fdd5b9e19qiyt,0.0,za
470a0e402bb9cb4d48c2a450d2043e87flc2m,0.0,eg
d863897264a7e52d9c6a1be6dc453c6c9anz0,1.0,uk
67d6466d7f4a32d294196b8c16ee0b03kn9tf,0.0,ae
86a626c876e7eb4be35f4f0b0a78f97a1rn7h,0.0,in
8cb96eaadc11cf4f914bad84518632e7czdyl,0.0,th
90fd7b3c991701dee376daeb09a0a5b7kawse,0.0,id
f0fd9f1b3fc9ff10c2642b3bf81946e2rsq48,0.0,it
8e0462410d727b34290fec10fd5661761yc8u,0.0,in
c1d14f4355b7d3ef80f02628e5ef1d56u2510,0.0,ua
86e698821a8aada613bfca1356d8cb7dopnv8,0.0,id
384ba7c5a8ccf55d174080d9ad7de9b8mfysi,0.0,in
d8a4b49ed9ca241f025cdbd9637198fb71qmz,0.0,us
424aed9d807cfe0b2167cfdaa4957fc0heell,0.0,id
7259271b61d2f05200eb2e1ab1d2ec911jlaa,0.0,id
ab3e02a6b47b250b738fdb010dc84cd7lrr07,0.0,za
81c9c749b2c9f97215f3ddaf8b5a5fe1k757u,0.0,ng
96b7bb4238e7ebb439d81d63db4c2796aoofv,0.0,py
bf8de839c1a8b7994d19049667548e4ewchpm,0.0,th
6a97f70ba29a04e77eb3b137e157070dc2mqc,0.0,id
5ddf9ae899e629acf3e78141a9712a05a4feq,0.0,in
18076726ec814a6f56da2cb9ea89d105j8vpm,0.0,hk
2b13a870a46975494b749feea0c5c7ed170ll,0.0,in
a7c263f3fe4f19ff677e5cb475f7e5a3gdom3,0.0,ng
a7bc17dfb615eacffe397be5b2c2f3a6r0bb9,0.0,br
1aa485901ede7baf78ea116e297e9d7f9en6i,1.0,in
cad9c97e99bd5753be98edd9ad8ec8c8c7r66,1.0,th
91c749114e26abdb9a4536169f9b4580huern,1.0,id
5771ce26e8b0fcbe7e90106955638b251qj2w,0.0,in
9fbfbd8a57e4d4b18338063ffa43f1bez92lt,0.0,za
a06311ea45de34bf667b79a92d13c764i6aiy,0.0,in
2daa71f0d138b8c2d61583d3b98a25e1mjp9c,0.0,in
c900620a019e78a3eee44109e4d1e1d2xd2gj,0.0,in
2b429b9235bab2877cd93ac6d9fbc2d7tzwre,0.0,in
3919be53bf4bd411ba25acfdc1362b49u4vle,0.0,zm
3d2608a892e44dad3027ab55bfaa0b26r69hy,0.0,id
80d8e3bfc8a2ecbf22614befbdaacf5fo6o5o,0.0,za
5b0665172160ea4015e79dfbcfa7ed86oe0mc,0.0,it
1e13eba969b6b953688c9e945544ac4741ilj,0.0,in
9f280cd011f10593dc245dad1d93b11dy6rg5,0.0,in
9a5fb8e2e5add29b006d789e4cfd1513paga5,0.0,in
3e9180fdf158409adc96aceffab6e00bejjah,0.0,my
e90e4701234b13b7a233a86967436806wqqw4,0.0,in
86a34cdbb975c141eea1854b10dbf1c8seom3,0.0,cn
461c1d143120270fff5ebc1b91934951378ud,0.0,in
ef1d71dde32e587e761a1b39d5b374c7gk68y,0.0,lk
5324221d38a79636bc4560cbcf2d75c4gimrm,0.0,my
1d69e006699adba0c79ab06f2f622445nuu63,0.0,th
510f33a3c0a290a0e43d2576d928a4abxieo3,0.0,ng
8f086b809805064f3c4a5dd48327c0f51yplz,1.0,uk
95af80db42edfce4e937550d60d79561punym,0.0,in
8c33cf751b05ca6a9d886a379a84a2ees9jlu,1.0,jp
3694aa599f836a57b671ee0814b071775i1nf,0.0,ng
a447127835855849fa2ee496d05e0847fgt68,0.0,in
adc548d88b9a307ce0b58a0d11d3ae14gcfon,0.0,my
c503bb79d4f3522f51d348c680906c1bs0w7z,0.0,in
5dda8ade6b5d4065f3119a381516c227yoz8y,0.0,id
a96039c7cfb1d040ca978ec5e66ee2c0sb5ht,0.0,lb
3318a824cfbd3d3d177ab7e9520b21cbsrcgr,0.0,ng
6b3cff1e3d9398d4c125e7bcf612192dy1gwn,0.0,in
03aafab9868455b78f0723eda86698ba9v9rm,0.0,in
2b4b36fd77eaeabbdad8fac68b17ece5ey04u,0.0,in
b258a38ef4cc6ea241b5473ee9badd32ekhoy,0.0,lt
daef74294e84ef6d7e009c2d51be6ee167xds,0.0,in
c749a25f3a07304b959065d83bbfc5f75u1my,0.0,my
4997f0d7074a1d9f8bedf5575b6a4372w7nro,0.0,my
f069e2e45ce316168a94b972c5b7d6b0f342m,0.0,my
942af1514033a612b203ec58f7894c9fv899u,0.0,in
5bd35d55d367d7a21d98bf6a19fc0dc1e5j9p,0.0,cn
d43189c6eef7a763b2f8596228807dd89x9y9,0.0,my
a0d080012ab98513e39234e4545e93be17tt5,0.0,za
2540f8192e425f9fb921db30ac1bfcbas4p6g,0.0,bn
4b32495335dd238db6285f7c6bbe051fv1qoe,0.0,za
d127576e329604b576df0a3248cdcda3279td,0.0,my
43295f805d813e816fee438d9a394bc4o4of1,0.0,in
121578435bf4136746cd2a80f1990e07cv1px,0.0,my
4199816cef8be846ca71ae752575744fimyto,0.0,sg
bf6f2ca50a3a6a3113681e754307aa4ehnd5j,0.0,id
7d44df0d40982a6651a06cf533ef5dddtppag,0.0,my
6a31ec9cbfe23a9398e80403859f0402cg4ql,0.0,uk
e268d06507859d78894a8f6e11995f48zls7t,1.0,za
e7445f6107c8cd3783fa722c7dd29fe6rcd3a,0.0,th
29bd1e11a41eb2ff50af75d10f28041ejh9xx,0.0,id
8c3631460a4d25d2b21b1f92ebbad752a19ww,0.0,lk
989e8e68621a43af5a8d061aa91bd9bfshy7d,0.0,ae
a46025d61131de18474aa6f167e04bf08w9x6,0.0,nl
1ccc69e376c95da9bd569a5d1a176874ivojs,0.0,id
c5863a228287327c9980d12a632985da9vi29,0.0,es
2e07d37dd022e72ab04da76f51edaa13qk5rv,0.0,au
eea79e1bfc21ff1b9572213e540e1252s5iuy,0.0,in
c58ffa073b3b3deb4e993ee5dd05347cmvfur,0.0,id
898419c2d011d5a822e9ee07c387098ezpc12,0.0,ar
08c39ef7252995e0749f7927249b8dcb1d3xh,0.0,in
870932eabebfc108296437c303db6055kc3t4,0.0,in
9196288f121946095e5c402fd326109827t0a,0.0,us
372bf02911448b7f62cc861074a7ac81y0jsn,0.0,my
fb200accdd0411e96f1b0f6d6f6d4f52rgk01,0.0,in
e8f3ce0b2d0849968400b63b992cc606psoij,0.0,in
bb73823b1c3f577402c9aa9eabd1e412vp2xw,0.0,my
a71f84e476d03bd0b25d45e44eeed9a8efehw,0.0,my
3893d2c62d59c232112efd332bc342dap8b4j,0.0,in
fd5cef3fe1217c6591500c715d71717anczcq,0.0,in
2d73ed3974473a764859084d51334440k5q7s,0.0,pl
100d406b638e84e2da7c31b03100b874qiay2,0.0,id
c0e3343070766b359c664f93ca65040b6bh2k,1.0,in
d3f595832d80988c2016aeafd125d8f072r4h,0.0,id
06c281e31f83dcfd3fe70d2ee2d66bc7e6fw6,0.0,in
db85fb5556f17b744938cdcc2e7ce9b5urspd,1.0,uk
afb1d898d15663a9477870391cf39b697gso2,0.0,us
06ddad46112881df154e3bda0e90fe880r57n,1.0,sg
8a4fc219f01e1fe6d4328b0a47fc54905iv05,1.0,id
3e995d6f9dda5f29c02af4c9fcb94bac0csrw,0.0,ca
d428139761f7b7563d57bb1f87b55876388j9,0.0,ca
ffc4e2dd2cc08249f299cab46ecbfacfobmr3,0.0,us
e932ef68638c37220f4c2c386cf54578x4hpn,0.0,us
9349befb45c4869b68e82a1944f4f01377cpz,0.0,ae
bdeb5eed17a812d2c47176e30b8553ae2k06g,0.0,ar
60edf674563f85b227898f6af0386476efy45,0.0,ca
f8f87e237833c3279a953b785653b0e5qka8u,0.0,za
24d4554556deeebf61510cf3e001edecu8hgj,0.0,de
142a2545c5c01937b05ac6de9773f9efgx0eb,0.0,id
8a958e0092f6ca984107ea6c3975f806c59m2,0.0,in
a0420d3961adf890fccf4b43899708f6h40zs,0.0,th
84560dfb1400fe920a29ca2c728acf1e25eli,0.0,in
78e59e188d9780cb8988d574f692ed343s129,0.0,za
7c0add0ef85bb5194e95ceaea737f90fyv13c,0.0,th
21c5f4fff051adecaf1b080fbf910ca3dvi6a,0.0,nl
781972f2af3af2abc492f9dbb0f6fceahnban,0.0,in
0d1815382b08885d76c671ab600133adeyp5e,0.0,in
98e6dd2906ef1f7c13284a309f6b160cb2ujz,0.0,my
655a95d80489d145052254616787cb84fwqid,0.0,in
d79919e5ba11f26bce5e70f0a4f859e3e4q9y,0.0,id
2f9a7b01fcce94499a59aebfac98fe1ezsk1y,0.0,cn
1dce9aaf9d6b9cba38f9c7489764fe30nlrq2,0.0,in
dbbf9d9b1d7fa110208f77a681008077plqng,0.0,id
c0b7161a67a0aae21788103c08eba7e9z8e8k,0.0,rs
7a9519ae09e328b09d18473f96ef075fzrs1v,0.0,in
12df4a9cf4eb203909e6763960b79238cb0yg,0.0,id
1df5be644b8963750305092eb8ec878ayba4x,0.0,id
05c9fe8f8852ea069a93dfe39fc0571er9mdt,0.0,in
7639039411fbcc6cf1013b247b2622a72g0r9,0.0,ae
67fd1325fbe3cd75a110cc80b9df9708l0w52,0.0,in
9bd2d79f328a5afe815d5832e521aa9187q2j,0.0,my
438e53670ffa2990cdef656700bb49bf684fz,0.0,in
b86050461e88566061c796dbccb1f7e5at242,0.0,ng
5c2e85ba72b9e9e16f77939fee7ffb5eivaqe,0.0,in
0496c24a6a7f593f28bf7896350e946advl6i,0.0,za
9197b6590c6dceabd88ec93157fcc31fgb8a4,0.0,za
4f57e657df5ee5d9207178b4b6858ddak9ouq,0.0,in
fa64fdb8ad70e86efbfc31179e93e99egd27l,0.0,id
57c4421263d37c2cd2573cd7245a7a80h0mjf,0.0,in
900284c412387e0bb2dc2aa5ce42dbb9th70g,0.0,id
4dd7f98cfffffd6f4707fd0deb4a00b5rj9wv,0.0,vn
a3d0a600cdb44f03d58f27b19247cd0d4az4k,0.0,sg
02cfc97e8fded77671e71e1951723d5fwz6a4,0.0,cn
87c5fcd8d9582701469f94bff3cc415dvq4ia,0.0,tr
30788b28de22d28938ecd7ed6795a8b022qm7,0.0,in
3c37de5e4321388ba706233d5ca4a0bfp7w67,0.0,id
b7515e5f181a6d4884674897226cfe9cpd6d6,0.0,in
c435ac9dcda855341e667d440c2ef7c6nd3mg,0.0,ng
baff2ce04381eb1bc4747d557bf52208vqmby,0.0,it
1ba9422d7a55aa5abc3ff37d1cafa9f2yds7i,0.0,in
c6fcf1f7b824c864d492c4cd676cd702owsuv,0.0,za
fc870f3872dd5e36e4dfc4ccde28cc930tify,0.0,in
e587d92842526255c86d3b0d425747ecib83l,0.0,id
ba0ca6f98ed66bdd1c4e86db2ce4011fdk6ii,0.0,us
cd9a7b22d85c35845260cd61a4b65cb2meyel,0.0,us
7188dec1b560385b0826f78e7608fdfeai9fm,0.0,vn
aaa8650a6e0997e90e4b6a9fc2ddf555m5c1g,0.0,in
053cefb7e952bd81d7a6db267a121747te7lo,0.0,fr
58c2b44923882a8252963e78886adaefh7hnm,0.0,id
4e22432d4a059b14d1d6a68a1feaa953k8vrb,0.0,in
36473d4c641c4c09c20c80e2ab35a36dwzp5d,0.0,in
ca5d4f0a3ea342fdc45c3325e5311049e2uis,0.0,th
68d0de6b2b019e4f93fe89ef3c9d3e21zajj9,0.0,jp
e0984156959c3e7cd05b7ec8ae239303inqlo,0.0,id
83e8aa6cb15daa745c75ba3c29a2f646zjw33,0.0,in
70cc5da141baac4712163f5cd4bd4a50za0n9,0.0,id
233e09e861813cd087e8937f32a29bccs7b3l,0.0,in
71c2561141c55414618d67d1a8aebac1n0fjx,0.0,id
2b2ee7d0ebdf910833b5cb173c567881jt8sj,0.0,in
4cd52ae88da3e30dbe01da5048151c98p4f0v,0.0,us
59d96b423ea3ed56611686300b681f3defm4n,0.0,id
0d9f78a6084bf15f42210bfeba95621255c89,0.0,my
82ae4df0acf8237d7af1a790e3848645bp73e,0.0,in
92f8392be617527734a2f18482815af9ak8l3,0.0,ae
fa9cfea85e90bec313e512e9eeab2e869tvx8,0.0,sg
21114d057c297080f0f882420d2436b5mmukc,0.0,za
74429c9ce8183e2b1b89600e6de4ceea5kn1t,0.0,ae
461b089147eb78c582ca8a30fa7581a7mflo5,0.0,eg
c34e1a988fb471e9eb8a5e84bb8ddf90k4hng,0.0,tr
e10ae48cce1e198f7283064cc8a2f836iy0z6,0.0,za
ca28bff4ab1f6e74bf08b92e16989e11vn2mf,0.0,id
17c59325ec223c94dcb301a7451c39871vxq3,0.0,us
38d9e2e83f25229bd75bfcdc39d776baz5zu2,0.0,in
8a3f5e16e4e689897d872716efeeaa0904tyl,0.0,in
50dd191676497345cc95d8b9f7284a7371z5s,0.0,za
5097b3a4011380b5d9447e1a7a20b1a556yzj,0.0,sk
e833712b1e29ffe74517e2dadcb4f2d1pt5t3,0.0,za
c1d9c4c69367536d7b0ccac19527629f65025,0.0,mt
48badabcce6015d257ff5809761486c8qgjul,0.0,in
9ab00034c9b00521ce121adb5dd4aa15tlhc4,0.0,us
2e463fe6bc1616f8392f82c138a6a436mbtjx,0.0,id
25f59f9da43b6806aaa125fa61974591sacso,0.0,id
a961ba95d1685705953ace49a29424e2ld1ek,0.0,in
45e4c7fe66077b5b7b338f19f476f9d85jlk0,0.0,cn
e76154d73bb7d7b86d9bd48d167d3c679z0va,0.0,za
ac2d643e0c0d3bfe8e54e5a961c6cfdb5xn9v,0.0,mx
c349d767ddda78ed58a3c5769e780598ar3ei,0.0,id
afb7618f9e3fd071d4ebedf396e1d45drta96,0.0,th
5de403f3d49221bfa7116570a4d572d8m19sh,0.0,ng
ff181014a0d7bb534fb9a35f22e24fe72m1d5,0.0,us
a945c65b19da56d0c7358d8858fe14e8ulfel,0.0,my
f725c5b4cece8353da7a636fcba0ecb5yxshd,0.0,id
7291b7fba1b597d66bb8efd45fd0d354q71ka,0.0,id
f8e90361c36eb3f6fbd485748e731fb7w2ci4,0.0,za
1a05035da8ea9dead1030ccc993b5284n1on8,0.0,jo
2eb8a353db13e68388f544daa2e28359oenbs,0.0,in
308a5541e1206e126ef80f18cc29b7017520l,0.0,ng
c8a99985c7bf230f475a8e9be6a17d7a08r3x,0.0,id
88acd2e23ea6817d9d9fc28f38a8d1aftqssz,0.0,id
722d1147768bdb5918584997e1f677e55g0nv,0.0,in
0547dbd3ecb4a293913f138d60b586fdf4ane,0.0,mx
a37b105534ddcabb169f6ae3ec928d85slw6z,0.0,id
cab7ecf98fd0489389a3a8d3961defb3k66og,0.0,sa
7da6a36817cf2d8c3be218a32ab25550c8kg7,0.0,id
b6e52f37365cfeae9204a9f408b8c3a4idcs7,1.0,no
058a4e0ac0a20f504cc9c6aae2a896e6too9v,0.0,id
c16a9bdd369ed3ec2891c46e64017560fbx69,0.0,ke
a027780df5d0312919d41edfd4947f27odx7t,0.0,pk
459ea22b6b51936d0788de9f78a3547bf4jrw,0.0,th
624ae2fe9394700eae7a35806e4bafaeq9cty,0.0,kw
14e29ea004067aace14ee4543876a06365os8,0.0,id
2cbc26f228e0556f268e0dc1bd9ac0a5lzdfh,0.0,ae
6cfd573a82acda92e8207745bca28aa7lqjcm,0.0,sa
68546847f11f6415034b7e2263e8ece62p3ud,0.0,in
d5b75c812d172da1ecb3164a1cfb7527688gb,0.0,in
8cab09b069755eca2b4e7fd6f6981d7d8n88o,0.0,my
2e33b1ee8a9d4a5cc5f886ca455e8f86kxu5r,0.0,za
dc4efb7e05563288d1f2ac4ca65c6734017ql,0.0,th
ee45b2475e453e69ce712388959fe4acspmvk,0.0,dz
ff92ea4abd33ed38601287f0e1d6726dmgx1f,0.0,lk
46a28eaed47c29b4fd148a50cde44840u0bsn,1.0,in
e578807073c57556ce334044382a9b98iaz6o,0.0,id
d810a7956e4d9fbc246d585ce84e8ea0750b2,0.0,cn
3ecced86078287dbd2eac2cfac98367fbbelu,0.0,de
041d869edcadf595b90e3b5248903183pn754,1.0,in
668d393e858e8126275433046bbd35c6tywop,0.0,in
2366cd7cf3df530ef4fe40b36ffb936fyn3rh,0.0,id
c89d56c06803b8c6316a7c906604c64939yri,0.0,id
f430aac3f0f7f88a9b504bbb71322d54mct7s,0.0,cn
cf18f6766fadce944ee74796489c23acmqhpe,0.0,th
c41ea39b2e13b0fc9ccccc2546f924f1obd0w,0.0,sa
782557b3ec17063f2a36fc9193ed3200h14me,0.0,in
54957cfd12ec8c64918b6200ea25d27fsc9hx,0.0,za
1c61726e316d5a16aaa80b429080c534u43s0,0.0,id
e783e5f6b818d18eda4065282022ac23jd1fw,0.0,cn
a3ef8289a92196b07e2e7371bb111e3aom07k,0.0,ar
b9fd0772481bf459179a3b4ab49171693im97,0.0,in
0a9c5e1f261c937c09817ea2d5e949f34v8oe,0.0,za
445eea09a6299164f60dd11f23276b44rkt8q,0.0,in
b17ce8bfbb565945ee9f289c2ddd8abbu1ndj,0.0,th
462df7ecf1d47980dea6a93d44fb408d4u2d5,0.0,gr
5e3747785e44d85a41a74470c051e946x01dp,0.0,in
a262e805f766306f4adb38211abf235akxqh8,0.0,sa
97f541ffdcbd1ee34610e3099c5df42acfvcd,0.0,ng
2cbacd5b066b7dff7e0a87e1ef00e0b4zpqzw,0.0,nl
a679d00c30c269a8eca148458abb8665kciaf,0.0,uk
2012c722a90bc47f1abbc8319d0cea51p7l5b,0.0,ru
d5337c2d4b58426b30c8733313eb5247syn5p,0.0,ng
28a0d5539562290a1a2f63d5b7230db090ys3,0.0,in
64abb8a286b2be97349e8b17abcce6d9rygza,0.0,br
7bad0fc50ac7d249e0a3d8b83f68e855fcnxu,0.0,bd
1f2d607e5cc04e790e3961a6432d7c15hn4qb,0.0,ae
6326299ca6a53277b2bcea07bd0b4ba8ktbqj,0.0,de
3e0bbd7d75cf543a56919ff5069b31a9gcbql,0.0,pk
2234754e09ba15519d0104c405326fc4igk0s,0.0,id
20f206d2656116bed8dd46d5b70dac81lbgfk,0.0,za
96982cc1eefd6f526b512755151227c3h2w3l,0.0,my
f219cbb3d454b32953619d5a4551f56dcg7gy,0.0,za
f23ebc71f2d8d820db2bf0576ee7e148cxvkp,0.0,uk
76f7e6c70f2b84d885b23e2b2831e113ueqo2,0.0,in
29db827ba14938954c90cefe40d26fe1130kd,0.0,tn
83c9359ad94eab7f4b8fd582a6db4733frmsr,0.0,in
9372e27ce85a8c8b9460b87c37cf55ecqjjkd,0.0,my
d7eefaad31febe607c252199a7672420kl1el,1.0,id
6d033ec559ea79a8ffb90d80e0b24e93j82av,0.0,in
96f31c5b3baa8704096cc8d4301b4c96i6fyp,0.0,bn
8a27b2e29086c0d2e589053537e88393zsyr2,0.0,in
6d501ebf066c0331853f1bee9754e781obu7z,0.0,my
f5ab013f90cb8890d33c6a309798204155q15,0.0,za
aa3ac65055bb4b1660f4d8c1d2c187ecoqvn4,0.0,in
a8a81bb8a3a35572bd1f9922f5a31217pw41k,0.0,in
fb9b1e58ffba4b38175c11e03e51e1f48dnm1,0.0,vn
ee2caa714a2175abb13eb6ef15196368cwc7c,0.0,pe
bf65e77ce8676fbab6fc78b70c50f05a8da8a,0.0,uk
e134f2bb79d1a810aada6a24760c8910mh5na,0.0,cn
2993e59bbbd7d14bf4bc21e4d2a4f8eeb18d2,0.0,cr
c1850964c360c9159e5d1d0b6485e210s6uvc,0.0,in
88641b0f22cf175876bfc4adc44c00f58b5rz,0.0,in
eeda0d135495167db9425fc5fa3a5e3ex2zel,0.0,in
5c2d250afe88df6e4ca3ff08d991eb67s5erh,0.0,us
fa6bfb4a2156dc8e73a713cdab85bc4bmcmwr,0.0,ae
8a7710ee3c886df8ca78c88120603cf6taql6,0.0,in
c0e4be8d520c7bac2f51ad80a98876c2aan70,0.0,br
7eb7b2f6a914afba5c3d207dc28a93aed9pnc,0.0,id
783d5c219ff84cc0517f59a39bb98e18st85m,0.0,hk
874402ea8b408a017756404006b12708d9s6u,0.0,tr
031da7aea2d4b75ac8ecba4825bc1318yki1d,0.0,in
ec86220eb6ce57c91a02a7356b342599jrcut,0.0,id
958de49cdd870198543313fcf574d7c4eutrl,0.0,uk
67fbdc4209a1566288acba904a2b5a7ee588g,0.0,fr
8bce581a91921adaa5fc20e627cd7b94l6cp6,0.0,in
c67ecaf47f857f37f63ac0f4b9af3249wwdtz,0.0,id
c8f537f6bb0aa2d45da541a875f014358qm7p,1.0,au
bb43fc12fbb0fd2b2536e4033ababf59exffy,0.0,us
d7e83a95a05308d4fae6428bb9073a7bg8aoa,0.0,id
94c8c0f9c90820f28928caf5d122dabby69ts,0.0,sa
d4b2fd8f5e8e02b660e9803cbcfa6cf2t5szq,0.0,us
0e5ec5baf2e15afdbf5212d8461e1ad9h3kr0,0.0,ng
238808859d7752579a415e89a395500fh2o65,1.0,in
72b21fb7cd32b1a65bed8a12eb94a8b7qa7rl,0.0,cn
51cf4dc8898554aedd8572f97a95ef5cpi3ct,0.0,za
715ee2811c764d5c58aa228ee801e518gqvli,0.0,id
466ebf78d7326a38db1e19fdc1c70e9b1qu0z,0.0,my
1689122c3b25d9e7adc626de84c10006fr2n5,0.0,ae
9a44bfde11a7b6ade17cd33a2b5102fcnlhm7,0.0,in
ae37c0f4dc6e3d99f5b0243fd18294cak7pxy,0.0,sk
aa20f72aba9804a4922195f66a876688rugsd,0.0,sg
29013ddeb60a18f7d3bf9f3aaaebae6c8651o,0.0,ng
9be39ea5a0612fae7bc43a25a6d10856l3qaj,1.0,id
16e2e48cff6faab74e1f5c47669dfbbda7l5z,0.0,in
340d7ea497f16bdb912ec5c6ce467f71kk7hy,1.0,my
ba319b8bb68ca6a12086f2410ca7fb3buxsei,1.0,id
e8b82b8640ecdd154eebe6b36ec63f0bdwhc4,0.0,in
67ab503313f60aaba89f64e2ce3b459fvyahu,0.0,in
0ae09b09369c76737cba059d192451001nwce,0.0,cn
aa1c013a1de168c611560ca2afe78111g8i6s,0.0,et
ca9e2287e98a718e20a8ed117dfcd699gxsp8,0.0,in
14fe3602f049d4574cdbdef13789647dsgtqy,0.0,za
5053e03863b6887308c8446cefeec429l94tg,0.0,in
7ce3afe39ece9d672e9adcf3dcf2aa44a8r22,0.0,my
074daf9a99b01591cb0637cb95c32600roriz,0.0,ro
63424f85cf53557fdb5dfc6a280af75epl45b,0.0,za
8c09f4afd78059d9200cddc435f5c48ceph11,0.0,id
4038ae3276c0b47f420a5d73687fb73bghgxf,0.0,in
437c191e614776c1535305f602ea9033sdfmf,0.0,cn
52c441804b89bc20e4c8dd625bf163f27o2zb,0.0,th
5e5d3410ca3605694b3c75b2274efd44c9vru,0.0,gh
5c5dbe70c2cb05d208c22d204146e1e9f3lvq,0.0,in
93e3c34171ab65e0b031dc67461e48b478u36,0.0,tr
817f8074bad1c717afaa8d1696f9b2b00muzw,0.0,id
3c77ec9f79f6febf630325ef84f2a0bcl3qg1,0.0,my
cf1f2b6f29840e1ecbb31d18fb128c38bseas,0.0,au
8df5d645ed4040b857c121a4459b7976n5u3b,0.0,za
a124589b3af5a212406c0306584a9554fazi4,0.0,et
069d020584a0e8c61e622321d4c43881j7pl3,0.0,in
8c412ae875b672f18073d643c74f9f0clzbyw,0.0,my
faaa98763b59ed5f02836d4bd682035bfhujq,0.0,in
953e01bab9ac8786b4bfc77d183732bbqw6ng,0.0,in
c5c8a28a166913512f5bffa6a49788c5b0uaa,0.0,cn
cb705744a588c18087921e74e68cfa10oev6i,0.0,vn
820dc943d26965d377be315497837bba5iz67,0.0,id
6c3bdc508c20f2f3871766cd73064c8cib3xh,0.0,my
8b4bcc98fa4666b22c7a17c9a4b93ebenlmlb,0.0,id
20fcf71ad6fbd43f6f5fe493a6bc3ecfextqf,0.0,ng
6b0d09889ff4889deaabd5f15b3b34f1jxl6v,0.0,in
9adae18220565488f77036be41cf71beiepqk,0.0,id
0a09adcd35b5f26d75f251006affc747drfu4,0.0,in
ae29b39843141a73b39ada671ce6b6c0yxlb6,0.0,za
e61c14d66cd5693d93cb0356d7f444ebinx9i,0.0,in
6b531ceeec5892121e04dcc6f89b10a70yqoq,0.0,vn
f428427d7227ddcda377cd00f07749576c6b3,0.0,my
35a02f50226eeda275b29a09acef2177k95eb,0.0,in
cc064e3409a1825e3c4e5c814376f140qxu5l,0.0,id
026819504b59bc4eefb9963d5fe4271aql15u,0.0,id
6ab75792932fb1ea6fc74a18edb7888c2orvk,0.0,id
936a335eab4643c3529968a4d9b0c380esi7q,0.0,in
98aa09a7ca13559a9e2a43fa2ba4d2b7klwin,0.0,qa
162886daa0054ff1ad422e0f18cddff3qofft,0.0,th
4483201dee43b51f338c0efd3b13bb895tric,0.0,my
603d769a86a359a0d41118b47c0ab41fx7kz5,0.0,bd
6affd6d2976aa7c48dac70612fc8e31ddo7j5,1.0,fr
8066d0a6ab30c52b3ddca5da19518b6188t23,0.0,nl
dfb23124fba16b7778f65c1c8d091f949jz0k,0.0,in
683833b860c003e6c31c521c9cdb49a1kr6b4,0.0,cn
1bb7a8c04e70386f5496322158e9fc3ef6d84,0.0,th
ecce760edfc6ec5cd5ddc7037c514dc3zod4i,0.0,ao
4d6fa52e125a18f433db6e6603b58ec7k1key,0.0,tr
4b9bf4cf1085e9d839e833e4b9d40f2a8ps14,0.0,id
7b31d9d8b5e749cdd2c300cbcbb5f875kjlsz,1.0,de
19b39b852ed4abf1ba5b095829e25b946aed1,1.0,au
ac9bf3a07831666bde4fefb75c184adekbrl0,0.0,in
50859deae0e0a599efde1725cde3a8b8dw86a,0.0,ar
a6f994251abda6687ada2e9de52bddb5cisa7,0.0,ng
8473148f069a890b7323fe8316861a71qoxv1,0.0,tr
6faffebbde541edfccdb2725e430870cbkvo0,0.0,id
afdd5c7c912f9b6a88c0c2619d618124ycm44,0.0,za
0eeffc5039b27a4dc2e420eca75b1fa55rv5q,0.0,th
c4294be0db6b5c9357ae5e2e7fc8da9489qpc,0.0,us
664adb319c2be43104b6565a8ff293dea0f01,0.0,id
fae553f133602fba6e9e6051dfb27fefkruax,1.0,my
6e8cd4699eedf0075cf5662e1fff3a857bycf,0.0,id
a8a2547a9153038fbb9fc66d2425d9a7efr68,0.0,in
950aa0150f419cd6361bd3c500e6e695xfljo,0.0,tr
8c939b6713b7881538cb05eca89cfb1cw1lhm,0.0,id
bf190f2cffc1a77f0957f8cd1c98257dofy08,0.0,id
f268f61e075419e5a001b86ee78557e2kmg14,0.0,id
97db2350652f8d01237fc4c59a470eb81h9gs,0.0,in
97268eb2ac171298eb03ecc6445d6879wk3pu,0.0,th
8884b7af726ce7bd929482ea13de19d39lzuv,0.0,my
106f4ed8e9b727f8d94a1cd57e882a095pteo,0.0,id
7bb914fcdec49aa88c7310a3dda716aa9fb8t,0.0,in
eaad20ae39d343daf76adc0b1a4984faumuzj,0.0,ro
9d33ed2efcfaddba0307d12142f3041ce731l,0.0,fr
95ff2833eef5999a4f3ba4a7684d2b26a6v9j,0.0,id
75339aea3f29d7d9a8d67ed3fe1c89c3owsq5,0.0,ke
e8bc0150097c1b2b8b8c374b69e0d3a6mxfcm,0.0,iq
31c840378b5c2e4469fd2e7f5a1e5a7d92k7u,0.0,id
874f882f7efff96263e9b555415aac36dsxry,0.0,in
9f9dd5c179d357b53f145ae1e5cc941f5qfuy,0.0,sg
6da536112251f09a006b0c5223f154d46en4j,0.0,id
4950352b0410495ef65a92b08b5be463c20yn,0.0,fi
0ea26a4028ffc16d9a8631d43e1b92105auao,0.0,mx
01c1c7be49cd6cfbb9075925a05c9899p41va,0.0,my
737d19fdceb065359c77b81d27053c4e5quiq,0.0,ng
403d9c0288bab462bae858dc8aff2f94ti9ma,0.0,bd
e50426efab1e9d60b8f7258130f8791czrpvg,0.0,lk
d42604c7cca8ec92839e92508f2a3e52ehz29,0.0,in
b0014101fe1b510ea150c149145dbced3q3md,0.0,in
c8b23d6565e11d874e221f41440ffd25mrucd,0.0,in
b2968116361fd43589bde8eca72c5767o71qc,0.0,de
24a9abf72cedcb421e831c1be26607e37zojy,0.0,in
eb27d8daded752fc0d1c828867b0f118cswwq,0.0,id
bef84146ac1e2f21e928e06ede1404793bfnx,0.0,id
90fe8d6fc0bbe4ff2ca7833fe51bddbaaibof,0.0,in
825226b69f2a5a8337ca611b38223989aumow,0.0,th
0f8cb1baa83fefac10f885f79149bf13kn4nw,0.0,ru
e12177ff9c1a8413996f7b1a590980c82ofeo,1.0,uk
cd8f738dfa2ea0554baa3dfc4465cdb8izun1,0.0,in
a8b8959fe64f490d32fc15a5d1144f87qj9ai,0.0,in
f75a0f726d764514f612ee8cd8f65adegt02s,0.0,in
332ef2c7189603a497fc89345ee4f5605i5xw,0.0,my
572c9964ca41ed055830845993fdab29p4f03,0.0,in
cbe8d224a38ccff930674361b502e7beyuf1k,0.0,in
d9d24106ae1ff4f5bc4ec3caf29d7bd2c2f5o,0.0,id
9dd7e7ef94a7bc5bc9f98c42099910e7o76qh,0.0,in
3ce8aa0207022698b6d0eef09c89b381jzqi1,0.0,in
e8291466de91b0eb4e1515143c7f74dexy2yr,0.0,ru
5201935b289665a197e38f747882948fjt867,0.0,id
aa75d58c3e1207618d47c72ffb19c872bolg8,0.0,id
fe27fe0815883aa3e1a312f0dcb45981txa2m,0.0,id
167008af05d4feaa636a565f6f83ec61a6ogj,0.0,ng
8725b0aa1a32054450c16b099328fbcbi71gi,0.0,us
3714da7069a5205137cacf89ab3a136ffx2u2,1.0,mx
33895230e0b25b5d3133d502ef3ecabey84m6,0.0,in
32d2ce86b00693f0c26314e3cce2438dvxbt3,0.0,ng
1ea558fc18eb1b3ed7759a3aed7662d3p77wq,0.0,my
8ab98c1e6cbfb902af4e02050a886396a40bg,0.0,id
7ffd9b7b795d9335153d481fba4b3076plrxc,0.0,om
8b109c0aee5ed07fc996e73d28e65888o5jmc,0.0,my
27ccc09ae923d1ca8ff7ab3242f279f7xuclq,0.0,in
da950a556200395a82e23e3bbfe1abb6xs258,0.0,za
13c4c826516304555e291d3d91c108b3ytpmj,0.0,th
4cf9c56df4594860df56285e9293a7f7evfix,0.0,in
7e8650379cbcb3ef8f7f6aefcd678067kzbdi,0.0,in
04c6b750b0552089c87ae03de72289cfcpfmh,0.0,fi
460e932b11a1529d78246317757899ccfaxng,0.0,id
050a3b29ca1818e1f237df8132bc2013bcuxi,0.0,bd
c353286290001e0943ed9bb160145c42etrf8,0.0,za
55d9cdc3af85efe87b2a6f22a2cea96ezy2ax,0.0,us
25a4ee3a528004bcf4f4bf62b9208a7dx96pt,0.0,in
6130cfe76ed3bd87c8f8dc6b2b2786dcp44xy,0.0,tz
317d3e44b2bcfdd7293b84f82f44b8e31hx1r,0.0,id
d9dfeadc7e0e844ffea3cfc706daae5dt2hhg,0.0,id
af50d549e86276f034e52037722dd5aetouu2,0.0,in
167b4f37a264b72feb0f559b650d1cbd3ox60,0.0,in
8152c94b639be88e7076f0e32bd70e0eg004b,0.0,mx
23bdbb8575f191b71853bf78d09e11a1lhnfn,0.0,id
34914d163517a0cc4f0c971afb2352106vsvz,0.0,cn
fdf908d608a629d5ebde14819231878dojel8,0.0,id
210ae8381324c41f7b49e95f1b7aed80z55df,0.0,in
2106dd7866abbfb4e7c68067d7eb9bebflq5d,0.0,fr
c9416e793bd0559bca3ad4a5194d4cd1k8eyc,0.0,id
9ca7afbb673865b01cd4b02846054fc1p3vjn,0.0,in
92a63dbb8323426833b944a4fc196fe27pzha,0.0,id
55abcd1b00c6b5b54633fc7e98f0110bwoy3v,0.0,ca
bc3d08ad6ac94b8b5ce40a29b59899cakj3p5,0.0,lb
d144312f2f68dc33a63b7863911b2aa459i99,0.0,in
6ebbb4e7c3fb4ba44a89bae997717924gm89u,0.0,hk
c46e21e01a3f4987e00109d1d5f48acb1q72y,0.0,id
24a32bf10c4a5d4d91c27da4710c869a0nqim,0.0,sa
ff3ae9450581aa3de5d2326f70e39d20w8fbl,0.0,id
e56f611f1157381f4b689ab34b574e791qhcn,1.0,id
1456b44d8b2b16cd94278137269ceb11ns7wy,0.0,in
942563fa6695a4b2f76ab6ff3bd58030i75z7,0.0,ca
ec6d3fbd8408ba43891370d4ffe41eabhnwbs,0.0,de
76ed824b414b5e690ff82e7cd2f5be52256my,0.0,ng
e59ca537cb8df3053bdd555bc987b4a7c7m4e,0.0,in
78830493a121b8b6917d246ec73ccb4anwocl,0.0,us
76f17ce227e593aeff456fed46e36c83a3j72,0.0,in
af33d5277890ef0b5f55fbbf400441c9hdehk,0.0,in
6bdb40330295fb3abd4647808c319d29pb29n,1.0,br
64f6b099082e4fb2e8da7ba4ae9abdead2cej,0.0,in
078e06b3288cf8f18ab7ed44b245fc56nbyfv,0.0,my
429b876aa7e2d6741ddf322685363ccchue2v,0.0,id
81392b54fee8e50ec74efb27cf0de8e32fdm5,0.0,za
4694d67c21e9a2edd614e717aa3f4dd2e0w93,0.0,in
b1863365ae232a316eb946ba56a29415m0gdz,1.0,vn
036a4050a5dd65e70f0f613ec2e38a74re026,0.0,in
74a35c4376559c911fdb5e9cfb78c5e4btqew,1.0,lt
1275d8a6a3b2ae9d24b50997397c254cpuuzv,0.0,hk
679fe2a21415aa98a3cfb88abd0507edzjpsw,0.0,in
0918eedd8324da06abe5600f058480dc75nfo,0.0,in
6f07ce71625a0c57aa5c0c05071cba164jmba,0.0,in
353d05bfefe1dd96d3335575ddadf310rgnrr,0.0,za
ce7d34398a6d6011bcd96ff0aa82b6674hxzl,0.0,my
c277151116ce38d8245f9f2308807af8t4nnj,1.0,id
00cc97158e6f4cb8eac3c0075918b7ffi5k8o,0.0,id
0f3ee77a46dd5a09ad20b7c3e54ec614sbpvb,1.0,th
1a09feff347553a2577983d7c742e3d6l2hfo,0.0,th
65435e491aa69dd9d44d70a9aeb6e847oqlty,0.0,fr
70739399d69a3b7ea9e72742dc728742zp9uf,0.0,uk
470727c18798cf0e0ecc2a0dca207cafuena7,0.0,id
cca4426ec6d64f3e73294d4d5bc9719beud37,0.0,my
308def7f05575db9bcb6a67207d6c1beb2cqt,0.0,id
ec96b5b27dc870c8f59ef11b7371b06eenaox,0.0,id
fff2c070d8200e0a09150bd81452ce29ngcnv,0.0,th
39b501f37dde9b055d627394964d3260qiktx,0.0,bd
d110111b8700f290b5d03a0e243fe375r3woe,0.0,za
7f3516b1bd7e5571ab964ba0affe9302brn6q,0.0,cn
dbdb69d0032b0a251469107dd565b6c7irr4a,0.0,id
e5bde35da4abebe4fdb37a3c65124a57ff4vo,0.0,br
37ea72c53cc50112ced4f88810f1b38euoz4r,0.0,za
de4388600d997803223748e48bfc7b16ggyrh,0.0,in
91b8febfd1f556c06838992814e7653cr119e,0.0,ng
cefd0ed907595de146c91e6c26b8ad658ilo9,0.0,id
069d251f2fc19102924468ab38349d5eou7ab,0.0,id
44bc1c87245aac66d176620f6ac9611ddbcil,0.0,in
7a0b445f462d05606bf6ea07e2ab96ec1a4kx,0.0,sa
d588f4c51e67a340d1991a8130ee0b56hy0r0,0.0,hk
3144ea2711bef53de88d89d71acd16c5q0bzh,0.0,in
762046a235e00ec6521ba71aaa1450c28ijkz,0.0,us
40f2eaf03624a31952397644f1b79a6fvtfjf,0.0,kw
ae9e482a7f4a625a878c6ee0eb4dcd01dkm6d,0.0,in
535ed161b4c9960a71ccd53128df4766ddyq6,1.0,us
3ef2325f8b68e1c030547a2a54ea6b98zwa2w,0.0,ng
90953913d629a03e27590d0d0f64456601ktd,0.0,in
eeb7e43d894af9161f84692f2bf9570fdryzr,0.0,in
a46046f129f3526547aca680877fd8c7e6tfc,0.0,pk
74582963d3774699f4215df7f2d17c1b6b4pn,0.0,in
a6230fdfd4879433e36a76d53440f426c7a7a,0.0,in
2c449b1bbbd5f8d9bcc1159b7bd3caa32jhtp,0.0,ph
6c8ffec692e88d81e1b18d47818abb04v6llr,0.0,id
c843f90bae7231af13dd0e064a469704drz2x,0.0,cn
13812c0d2c8c474bd62481d932407687o26kg,0.0,au
77b7daafef906aa3f941992bcf94dd69zxk2p,0.0,br
6c6c3559c5f656c71348f7cadf29bb12okgl1,0.0,in
283987b9f1ffd4514757483ee1f01351xd678,0.0,my
76c85d6bf559bc0323bbe1639d233e88nxy36,0.0,in
3dbb502d9d6f89b26f62cc804df54dcandhp0,0.0,in
c780bc2dc7ab83d5e5c85dd13f0f7fdecfxjq,1.0,in
17dbe14676cd3a3cb8a7edb438622f7fv2scv,0.0,sa
5c32e357936f8977277d9b23d8f09f34v41wt,0.0,mx
43c76d050c9d2509d85c9dc2b1a1dba4zb3qt,0.0,us
4731be79b5c7e894dabe5986e747b97bd6yxh,0.0,za
4ef4b3e5727dc85f18aaf00ff9a1e936qyhp6,1.0,th
96dccfc370343f6871dc478d5b2fc3ffx95d3,0.0,ng
a116e727a3dc0b69f5e7ae14d0ab40d44breq,0.0,sg
437ac1b8d08c3b328924aad097a3dcdey2m1k,0.0,cn
3b8320619393a6f6bf12219b61cda688k4w4e,0.0,ng
c615c31c87260c0d85727deff6da6667lgg33,0.0,in
56b55e6ab49a4cbe7c76a2bbca804089pjq0g,0.0,us
baf1aa59ebedbacea2ca418c5aa83888imys2,0.0,id
da00b16633eb706fb11d55868120cdd9so58j,0.0,au
eef111bfb93c213c174947c69b2f2b38cr2pw,0.0,us
c910efe1f135b08acc32b2db162362033olvv,0.0,us
04636b6c61c80f5325efe61183e8edb01ko20,0.0,in
5a6376f140f05274d6e0dc888cbeb89eukxkd,0.0,my
c65d2236a70982d628454d19472ce26eltxgf,0.0,in
d381ce07afba12851a815cdf8858c1c7g2pfh,0.0,ng
44bfa21b7d497f097a594c8861d4f8d4w5e97,1.0,ar
d31f6cdaf4f8485190b4ea588f8c1733y6qu9,0.0,in
4aad6f0ffe775217e4ef8c91d69707545li52,0.0,cn
a25f4c6838b83e0fcba372300c23c2537k5eq,0.0,pl
8d500e174fc28d494482f8ccb9438608zd51s,0.0,id
6e29de28296a57f039026ffc6df9145cxo2n0,0.0,my
81207d4ecf830fee924989f4fe1eaa7fntkmw,0.0,ng
caa74df2086d71caf6c1b2b9c81d3d98xhpv9,0.0,my
9e1f21ee1888368e77b539083f4b94ddv8mrl,0.0,id
f2f10539ed947e4b141b2e9bf21af65ecz4f7,1.0,fr
fc48aad7a51d965595b59550e08b94c670k7w,0.0,vn
acaec0b9f72bf4ab4318f3244344589b3700a,0.0,sa
4b72cbc9d9ef0238bb666feea6d79e718qry1,0.0,in
120beb4523541f769a2b658cbc41dd57w7im7,0.0,in
bbd1d48ef4e8e7e3855938755275ad2b2le9g,0.0,id
fa918060747386f431a511c862565e34y1pdw,0.0,my
24db47d284a08aaf119eb3e0c45eb646i46j5,0.0,pk
1fcca45fdd3d1d3638821f41e032f170en3h7,0.0,id
de717bfad3ccf44a93f39e7b43f3b227cuu5o,0.0,ng
b8da3e0dc73d1f453ecbe6ee4d4e8791pr8az,0.0,in
0446457fc8e21596799158406f77b14catx8w,0.0,ae
8254276e772450c5365707cde76efa4cwuzpd,0.0,ng
34e965deb822f329ecad42b94e8ba0ba3dpt0,0.0,jp
6d1354e720cb9ec90e19e29f5f895669qh6g6,0.0,us
6c2488ec88e02bb38920200ece7d337e0bffy,0.0,za
8fd35d215ab6530c2ef096c87233cbc93juwy,0.0,in
19033960ac23dffe078a1217788bc720jvjbz,0.0,cn
0c55920fb607fef2d33324f33565758a6e4dj,0.0,id
25331706aa2157419da068e93f3989feyo7a0,0.0,in
67a1b129ca241c51d0abb5484f8eb3fct8o5c,1.0,it
e72d1b2319a2ef39d016c41e4824b68evxe53,0.0,us
7114afc59caf2cbaf6ec1733922065f3uz34p,0.0,id
6275d51c0324547faa8a87b499812268tl90r,0.0,id
1a764d01d19a1408382ccace87e61c9fndlo9,0.0,in
f0ce8b973cb8d6eef9221fd3d6698fd4kl3g7,0.0,pk
b5d61accc925a0e86ab7274e1ad82532gb1w6,0.0,ar
d2f0217aa734f025ec008d24d13eca10ntuhf,0.0,ng
916d2d806b772c9f227a9b3640e31469ljrxo,0.0,in
e4bee4e53a19aaf71e0ac0e3be752b2cz3k1j,0.0,in
53d9e7fa087a0dab6a472bfbfb694622jv072,0.0,tr
eace2a2890644d703c619fff7e41a9a16k7lf,0.0,ml
4d2fc319ce6c2ad370052e0f6f2b0a1dxiyau,0.0,za
4f7331589f84c6359bd693513bc9d7ddlitos,0.0,tr
0a92c4fa2bcdc8e952546d236b322053o5wbk,0.0,id
681b4f9dca9e70441fca4a58c05b0f50skmir,0.0,ru
c1859303603734d90d1a91d80977e14echjim,0.0,in
6ca1de75674e78f9d3d63fd96fbe6e172t86c,0.0,cn
33ba799fab5e4145b54fac4234bb6e13up0tu,0.0,it
79cdbe82ec79d0e60f1b113d9a5bc5b4ar8bk,0.0,in
17e4d6d9a1f8ec00cec1d4fe79b059bd51476,0.0,de
c128bfe7aba668d71126d51b32428c01tkq99,0.0,id
170a58cf637c08f0818ebdbfddca29c9irkxj,0.0,za
3f977186d125ef8bcbee0c1562c7ced2b4utq,0.0,us
698da938f6fc36305616aa6f8affd53fobj5y,0.0,in
71396d66a14f4ce0c96436456462863abwefv,0.0,th
49f4481b6bc2255e745ef20ac2a720754r9mp,0.0,ph
4641b5a43c7a2496ef93af2ca590d2c94s20x,0.0,in
f6a7e7b14d39804c7d15627e2fa384a1cq892,0.0,za
f5b2bbad20d1d7ded3ed960393bec0f40u6hn,0.0,ke
6ce47fddd94be5792190cad9d972a5c4oyjww,0.0,ru
a639448bde9a72923b70917e82594fc66sa2f,0.0,in
7959bd565852dd880cd31278fab3660fuaqyw,0.0,th
9e9047df09026ed5a5a3a86403811159u5yja,0.0,rs
35f822bee4f85d98d5b1b23c65681974ywyuv,0.0,eg
15b1e719796dc894ecde30f160e7ae20hrmmh,0.0,vn
83dbbc6c5c7ed95048ffa9427d807692339oi,0.0,in
77bc113594866d4902d6f867a456750c9vvmu,0.0,id
caf32bc98f84a47829e76ffe104371f6kphvc,0.0,kw
c83ee624c46235430ad4338278f6d270wfzre,0.0,bd
d8a10762de6d62c087a0a8f0e61cf78bbgke6,0.0,
5cdd665a22747394620c17b7753947b0xgzhw,0.0,in
e0fde4b9b7ec14e80de3c811ecae157f6kqd9,0.0,za
0e373556d3bf588a1bb2ca6354120cf2dmvjs,0.0,tz
b6a3aa8c0f2302fa35d7b809d9371deeypvyh,0.0,in
fc16993f1fdbd5fa8f8ddd72b40442f0qwyo1,0.0,my
a4e83190edb97fefdc4a6cbfd00f41fbm7c4o,1.0,ua
3d7bd741177a712ae0417bc4f4a37bcf9jo2a,0.0,in
abf6c2cd31be1630f5a7a1219935011c3rkqt,0.0,id
9a272c3baede0633bab0e15ff98d207e3ldpv,0.0,za
c670e7fb466b09000f1053d2761752268bkfm,1.0,au
c41cd6791e262b44d26bdb3443fcfba97wlm3,0.0,in
e588d3f7a141147e4f8dba29377144707vupo,0.0,sd
77b342f0d8769898619a935e267eaad25rubb,0.0,ng
9dc039dc57fd67bd9e7157f4f697ae7eloov1,0.0,tr
4de2f22ca840fce9ac653e4aa06d9b0cnhudf,0.0,my
98c12418158dfb9494af01308ac2d0588gfw2,0.0,in
25022fb30734c2e5044e031b0e9a4a9ct3354,0.0,uk
7ba17b1eb362ef91a99a6f021b3f2b63uyo76,0.0,id
5f529b5ee68b60482c5d0c56ee91f3c2cjrmx,1.0,in
20d31f20169e8612fe13818891f88a83r66gm,0.0,id
bbf1dcd2f0100fa90e4a8544b90e35846p5y0,0.0,my
e60b306c01cf0c0be5c7d54facf927044g5d2,0.0,my
042780ee9a3730703e35340c575c3cbb7zjwk,0.0,my
f416aeaaafcbb66aabb77347776db008qw96o,0.0,in
f4d69870de1e803fe00f8126e73a7e33zwcds,0.0,in
0f4669e36b2e721dfe27f8633b277a1575erw,0.0,cn
417adcdcd7157e75c66469c07208af00qjnuo,0.0,th
a58ace8b671a7531c88814bc86b2a34cf0crb,0.0,za
177b031b4a77f28ff167b427ca967b52jetgo,0.0,kw
4c46b1ea933d574a985776ed356312505nagr,0.0,jp
e18ddfca4efb99a785c68ede9ef773ea8sfmz,0.0,ng
f29896e71c8077db28617a03c0f14e7570emg,0.0,ci
f2ea6d89dd9897f0d6edb6f24c446f01ra6yk,0.0,id
b28e6a39ef0cdda29c5e350e048c3a813idk1,0.0,id
75613637a85df9328b743d33b0efbf1586qow,0.0,id
054b51d059fe981ca8cc4e0d4c49aabb5mck7,0.0,ng
780566278695c3771f81afc605abdffa4143q,0.0,in
01f498a0992d280de63ec346692efb2blckg2,0.0,in
920540ac4168ed08a1e297395a68d718gsqdn,0.0,in
964028ac24d4ca16c4b63f64b06df1c8ltrrl,0.0,us
ef65488c949595d7885525ccfab9100c6cmqb,0.0,in
28763f241cf0483ca1dd3aa1bbcbfc37xntso,0.0,my
7505bfc1ca67a5ae14e329b46a88ab869ms9g,1.0,id
14c69cd7fbc8300876f287520c493fc8xe2o6,0.0,za
70db4530c292bc759238b8306ff4ebb6n4l6t,0.0,in
2d38a6af2ce96c1446f900aa4756b8975y9k3,0.0,br
e49dfe2adbc4b3789f67bc044c231473clc4d,0.0,my
c888cda1ef5931da0db90f6803cd0d368ay6r,0.0,in
f28b5654b5633a0b5e3f757a16080116sjj1b,0.0,id
4de568a9b480f0dcd3f2ac385121d75bbpy82,0.0,cn
bb4af76ec92ce75e8abe9a6a481d4314jyo16,0.0,in
69333c66e55cdd6cabcc6ae64531fc33w20n4,0.0,fr
b1ae4691fefd3d09d74096ec4caaa6d1v6tbw,0.0,in
0ad17aa9111f657d71cd3005599afc24fd44y,1.0,in
37d71b4ae830fcfa6f0c4f65ec386414n8h5l,0.0,in
7bb58b7875a093cbe7c5d487a825b730mjcw8,1.0,my
4089a2b7f26e5c13a7f3350bd52ebf8fh21nm,0.0,in
b4210edd4ec9bf872c7108fdb3c6aae9cjwz7,0.0,th
d927c987f8a4ba2dc4f38dadc0831100tt94p,0.0,in
771f6754997a1954eced81d46348b4762k475,0.0,sa
e9f928411213f44502e4942a29553ab1tbqgu,0.0,in
4566ae63ee93ffc6b000b5cbea7f6a8ehbg00,0.0,de
622a477170c3e2215b7e3cdb06db93aezz6t7,0.0,au
802a819acf0601b43fe5426cb48ac0bbqwfu8,0.0,in
65f52b46edfc7fa64b9e74557a78e52c1it54,0.0,dz
f895a8d9d7974b3ee7f1f04a25a950e9v63ps,0.0,my
1870650d20a97db60ce4133bb9352b69h9phj,0.0,in
b217ca4cdea62a3977481e398d2cc9bd4sxht,0.0,in
b1c9bacacf1f33a8fe48d1a4ae4c761bcltiv,0.0,in
ddc6dc00f416ce10f23b57ebf758c2eeawzjw,0.0,id
08a588ebf7b98f44f8fc695d02adfa25x0amy,0.0,za
2a73f10b3b8f2b825e220ba0a1d2c49f9nikz,0.0,be
f473c995ca7b5287f9b2f079f0d78a1e92226,0.0,no
6ed19e45dc118b78a78f25649aaaddbeef7e4,0.0,za
6da04647ce16d0f00051dfeaa94d3313ox30y,0.0,qa
f7b25abd850df9b0e0b305c6810e1ec3qbtaf,0.0,in
c1c22607e7899ada525b74e757d248ac2b8ac,0.0,id
8c339df2050a428c04a1c2bcbfe4a143loj8l,0.0,in
b3dc6151c6813688d0423dbab13d3f19crw2w,0.0,in
9d8a1ddb38499b3403a6a93395ef29bcrznni,0.0,us
537f38e5fcf2656968e0a1752dd494ba8z1jc,0.0,zw
cdf1fdd424a11dde166c4bf069d6998eph7b1,0.0,in
fcda141af3b545332fc3b2d55a8bba74uw7s0,0.0,in
5f56908449455ee9670c7947614f7b4bxak3c,0.0,in
458c8c4e10e5c1b29e3fbe5ee56d46e8y3fb3,1.0,my
120c8b384858420c4e46e354c86f4ca393w0i,0.0,in
786cb68d5d2012dedaf70257449090f2hfb88,0.0,us
43bd7fe0ed7629fa774a461127a629f19je0a,0.0,ng
d154075c75cbb3f4b716a16c88eedd774i8s0,0.0,id
7d063aa96e7a065ed5ff9deb7c851bddhrxdj,0.0,us
022ac3a7ce986049d9a4bede83ccf9ddctvg6,1.0,us
fdd6944b3c3caaa7d1234ecfc11f8d080h90x,0.0,af
0a9d614009139236f198ddb4759a498cen5ix,0.0,my
222d3e39d4a292d79aeef4c04e52aaf24mgkb,0.0,id
741b9948c8cf42d658676e5a46757815zstr4,0.0,id
b9cb81e5855add059728cf932f0624fefbi2t,0.0,ng
5db8eed67a7b648d1f2173b665b79de2vwdlu,0.0,us
55453d252a225f3b046c094a7aa330a80dr96,0.0,id
25aca203223b4d9563f5b1a01aa3a21ftlgve,0.0,my
424b638423f4862b2a84f22ec25fa22eb2c8p,0.0,id
6b1666662837213ce77c329d8cb2a842epaeh,0.0,ru
12fefd74d82d90541872847f199f6324cowi5,0.0,sa
1b7c070ffb2c23c1d02ae5bc5d817d06qz4xb,0.0,om
e54c3b01eab75ad3a616d56dd06ebef758ua8,0.0,ng
29e08b4d18198fe9265772fba3a4f6c4mj1rw,0.0,us
61e4b6ad0fc268d42c330ec99fd8c939yb7t1,0.0,ro
e29ae1bd8e6e7dfc9cb43b1572d3d55ca0hc1,0.0,fr
8f6605a649ae41fe950a6bf579452464d9lmc,0.0,ph
ba258a455ca17f2c13cab3d0afc7de0b48h0t,0.0,th
0589cf78c4bece729f0ac620557210e13no3n,0.0,se
385325103b3eb54b0b974523fb7a13e02go5s,0.0,gh
6c11cc7744fb52a632306ca8bf966cd1e4zxx,1.0,ir
7e34a26c4c339e875997f4b9239d2b5fscng4,0.0,in
17a321c4a0d925ca80507effa52330ac5n5r7,1.0,rs
ba6811273d4f63d9a31937b71b0a22dforovn,0.0,au
2b5c4051f232c4848dbbb477c5ad7f389f4b6,0.0,th
84f06d2c69695fe24cd69f8a1aae21a7kozbn,0.0,in
9f34ed261596a1114cefe81158c5617biq26c,0.0,id
b08034d2d4fa400b457d4a59a2482e8enfhqw,0.0,in
8b253bd318229b3eea3f459bd81b8347khytb,0.0,id
3e602dff2e3bbe7a52236df2294c9e059fc2l,0.0,my
e5736d7f8082d7d7fee8430c0e2279bcdmt2a,0.0,my
c17c63af831939f5e2fd12f65821db65umonm,0.0,us
03e884d3e7e3356608187d2345e4693fyt29x,0.0,id
ad228143392ba96c21bf51499bac1c3b3kmzo,0.0,jo
df12e679581fb2054907dae75c9c78ee9kzzv,0.0,cn
9f2086ccb71acd84652f861517d4dff9du4y4,0.0,py
11d5f6925da5809e2d447788b85d6253jj8fu,0.0,tr
18e751726fd7c407c41cb18c20da2c4er5z1r,0.0,in
f0c034c46dfb78d2e9e67fd4fa1688fa6mv8k,0.0,fr
363ba0a2afea1b074fc1ed270c86050byprz1,0.0,in
3fe1dacbdaf96fab0c213e218968c518twu76,0.0,ke
717a0a200628f9606d88afebaaeb409bv60y8,0.0,in
3d575194dae5a2e2966abdf84d800a3bgbsd8,0.0,ph
e0fecfdf4029d9a91664e703a178397718lyl,0.0,uk
15f34e73687d7361ac0d780737fca261g2s9n,0.0,lt
53e2d855e008a5c2f79b4b848d467b86nofo3,0.0,ng
d1200a75b6c05584f4f902e74d3dead76cj15,0.0,pl
d81579750b388276f2d8f6d80384f499n13l6,0.0,th
4070f6ad5da385ba11cc99183817eb20h69v1,0.0,in
efa1611e96c3238913333b8525c6a196rvy38,0.0,nl
aaa686462ebb950550fc1c6136ffb273vkrc5,1.0,id
b7e0afcd391a22444eaa566aa527eec0x2yv3,0.0,id
f6485cac867e1e7d2d991838551b4c4bfnarv,0.0,za
9744d8ea513490911a671959c4a530d81fj5e,0.0,id
2baa5a9ec317cb21a11d83f6dc72a2d6xy9jb,0.0,id
d2b8a15ae403dabc5aa752b205181dbe1lm57,0.0,sa
65d8228c6c1e5b6042f397afed8a5c7cbo6x3,0.0,in
f939c17ffc7c39ac9b35b69e5e75179fv9pe2,0.0,ua
0381a69b7a061e9ace2798fd48f1f537mgq57,0.0,sa
84a769adc98498f52debfe57b93a0789556f4,0.0,ru
